LNG_ROUTE,LNG_route_gz1,LNG_route_gz2,LNG_route_distance,LNG_flow_allowed
AL_AR,AL,AR,593.657658402065,1
AL_AZ,AL,AZ,2334.0626188719,1
AL_CA,AL,CA,3000.74043360831,1
AL_CO,AL,CO,1803.14354374678,1
AL_CT,AL,CT,1548.01703025919,1
AL_DC,AL,DC,1095.20451637336,1
AL_DE,AL,DE,1228.03730028505,1
AL_FL,AL,FL,756.966114316857,1
AL_GA,AL,GA,270.067890118542,1
AL_IA,AL,IA,1138.63503078903,1
AL_ID,AL,ID,2752.18968815778,1
AL_IL,AL,IL,932.791095828755,1
AL_IN,AL,IN,796.251292043371,1
AL_KS,AL,KS,1065.55061480439,1
AL_KY,AL,KY,553.474186021725,1
AL_LA,AL,LA,517.097421197821,1
AL_MA,AL,MA,1699.63853223951,1
AL_MD,AL,MD,1124.99312044247,1
AL_ME,AL,ME,1934.60008211692,1
AL_MI,AL,MI,1120.40034696721,1
AL_MN,AL,MN,1478.65371756288,1
AL_MO,AL,MO,778.061290074093,1
AL_MS,AL,MS,268.434898832116,1
AL_MT,AL,MT,2580.23345996299,1
AL_NC,AL,NC,710.838778802102,1
AL_ND,AL,ND,1915.72424417633,1
AL_NE,AL,NE,1304.36849676402,1
AL_NH,AL,NH,1747.42272398722,1
AL_NJ,AL,NJ,1373.32044931671,1
AL_NM,AL,NM,1819.33888695188,1
AL_NV,AL,NV,2712.65733029998,1
AL_NY,AL,NY,1427.88906151933,1
AL_OH,AL,OH,902.035466968779,1
AL_OK,AL,OK,970.204122040445,1
AL_OR,AL,OR,3334.91326907191,1
AL_PA,AL,PA,1199.63236816482,1
AL_RI,AL,RI,1663.25323354729,1
AL_SC,AL,SC,544.36003988229,1
AL_SD,AL,SD,1621.23923586379,1
AL_TN,AL,TN,313.852872741603,1
AL_TX,AL,TX,1029.1686939827,1
AL_UT,AL,UT,2382.26689498417,1
AL_VA,AL,VA,970.955124606553,1
AL_VT,AL,VT,1726.10652120367,1
AL_WA,AL,WA,3328.56859064242,1
AL_WI,AL,WI,1208.96456044043,1
AL_WV,AL,WV,842.371528212832,1
AL_WY,AL,WY,2074.67843853284,1
AR_AZ,AR,AZ,1775.65900811602,1
AR_CA,AR,CA,2419.97262992825,1
AR_CO,AR,CO,1211.31848523886,1
AR_CT,AR,CT,1861.9194636076,1
AR_DC,AR,DC,1449.87542536151,1
AR_DE,AR,DE,1583.33001848345,1
AR_FL,AR,FL,1323.50659584934,1
AR_GA,AR,GA,829.936219767363,1
AR_IA,AR,IA,758.182693689371,1
AR_ID,AR,ID,2169.99822736776,1
AR_IL,AR,IL,779.302823686622,1
AR_IN,AR,IN,792.553610695118,1
AR_KS,AR,KS,501.43905050309,1
AR_KY,AR,KY,727.26864503733,1
AR_LA,AR,LA,503.321445461089,1
AR_MA,AR,MA,2005.70834018571,1
AR_MD,AR,MD,1473.56142451495,1
AR_ME,AR,ME,2201.36900552536,1
AR_MI,AR,MI,1127.53755432517,1
AR_MN,AR,MN,1122.7851527659,1
AR_MO,AR,MO,367.582541480197,1
AR_MS,AR,MS,401.829152933505,1
AR_MT,AR,MT,2025.47837866014,1
AR_NC,AR,NC,1180.22078092921,1
AR_ND,AR,ND,1467.46475789583,1
AR_NE,AR,NE,785.487672535839,1
AR_NH,AR,NH,2027.63660746265,1
AR_NJ,AR,NJ,1704.2509407585,1
AR_NM,AR,NM,1251.65831187793,1
AR_NV,AR,NV,2125.14437567446,1
AR_NY,AR,NY,1721.05469595534,1
AR_OH,AR,OH,1051.13804313603,1
AR_OK,AR,OK,382.597730613016,1
AR_OR,AR,OR,2748.90539343448,1
AR_PA,AR,PA,1494.94713563396,1
AR_RI,AR,RI,1983.30099664729,1
AR_SC,AR,SC,1073.39144938363,1
AR_SD,AR,SD,1127.13947845517,1
AR_TN,AR,TN,576.070669724278,1
AR_TX,AR,TX,644.795990467195,1
AR_UT,AR,UT,1789.19130687978,1
AR_VA,AR,VA,1360.09925801082,1
AR_VT,AR,VT,1964.12621961696,1
AR_WA,AR,WA,2755.28827766876,1
AR_WI,AR,WI,1004.47038295087,1
AR_WV,AR,WV,1134.96752516662,1
AR_WY,AR,WY,1498.78409509448,1
AZ_CA,AZ,CA,727.569550619491,1
AZ_CO,AZ,CO,907.039178822739,1
AZ_CT,AZ,CT,3531.68919669791,1
AZ_DC,AZ,DC,3173.25776141498,1
AZ_DE,AZ,DE,3299.32895223287,1
AZ_FL,AZ,FL,2949.51606886953,1
AZ_GA,AZ,GA,2592.91988254643,1
AZ_IA,AZ,IA,1908.1114928161,1
AZ_ID,AZ,ID,1241.8503298601,1
AZ_IL,AZ,IL,2248.7920128332,1
AZ_IN,AZ,IN,2395.39972261884,1
AZ_KS,AZ,KS,1498.22420306856,1
AZ_KY,AZ,KY,2451.45064359688,1
AZ_LA,AZ,LA,1939.31106722758,1
AZ_MA,AZ,MA,3659.47713495211,1
AZ_MD,AZ,MD,3192.12284415477,1
AZ_ME,AZ,ME,3803.74049210414,1
AZ_MI,AZ,MI,2627.22200900185,1
AZ_MN,AZ,MN,2045.39902200886,1
AZ_MO,AZ,MO,1856.12524039498,1
AZ_MS,AZ,MS,2078.94019428533,1
AZ_MT,AZ,MT,1494.5271458467,1
AZ_NC,AZ,NC,2953.07368441126,1
AZ_ND,AZ,ND,1880.02743985116,1
AZ_NE,AZ,NE,1550.99181389612,1
AZ_NH,AZ,NH,3656.18880673413,1
AZ_NJ,AZ,NJ,3397.10848513209,1
AZ_NM,AZ,NM,527.121094935795,1
AZ_NV,AZ,NV,569.489952812573,1
AZ_NY,AZ,NY,3384.31856405093,1
AZ_OH,AZ,OH,2693.7211577478,1
AZ_OK,AZ,OK,1399.99889129722,1
AZ_OR,AZ,OR,1565.97975186777,1
AZ_PA,AZ,PA,3178.49226659806,1
AZ_RI,AZ,RI,3650.51169916858,1
AZ_SC,AZ,SC,2847.23750582543,1
AZ_SD,AZ,SD,1624.79497267144,1
AZ_TN,AZ,TN,2347.08215467635,1
AZ_TX,AZ,TX,1392.30212860735,1
AZ_UT,AZ,UT,782.970002500118,1
AZ_VA,AZ,VA,3104.86577856711,1
AZ_VT,AZ,VT,3556.32965631206,1
AZ_WA,AZ,WA,1757.66364140896,1
AZ_WI,AZ,WI,2286.84743538809,1
AZ_WV,AZ,WV,2850.98963860311,1
AZ_WY,AZ,WY,1121.34392329616,1
CA_CO,CA,CO,1328.3317140825,1
CA_CT,CA,CT,4058.23440052796,1
CA_DC,CA,DC,3742.35886384302,1
CA_DE,CA,DE,3860.47209790716,1
CA_FL,CA,FL,3651.44235684379,1
CA_GA,CA,GA,3249.28787183942,1
CA_IA,CA,IA,2387.67797292008,1
CA_ID,CA,ID,1037.33056619105,1
CA_IL,CA,IL,2765.34222210949,1
CA_IN,CA,IN,2941.28208219903,1
CA_KS,CA,KS,2060.02814317541,1
CA_KY,CA,KY,3042.66664895588,1
CA_LA,CA,LA,2641.69458698851,1
CA_MA,CA,MA,4173.29368284868,1
CA_MD,CA,MD,3757.52988829256,1
CA_ME,CA,ME,4285.08615422165,1
CA_MI,CA,MI,3119.76271056096,1
CA_MN,CA,MN,2428.19985306145,1
CA_MO,CA,MO,2430.79045731778,1
CA_MS,CA,MS,2756.70633797133,1
CA_MT,CA,MT,1428.47284566814,1
CA_NC,CA,NC,3573.9738160834,1
CA_ND,CA,ND,2122.97202586752,1
CA_NE,CA,NE,2021.83235897255,1
CA_NH,CA,NH,4156.04199724366,1
CA_NJ,CA,NJ,3941.02063780914,1
CA_NM,CA,NM,1188.61612208831,1
CA_NV,CA,NV,332.724461304493,1
CA_NY,CA,NY,3911.34643888224,1
CA_OH,CA,OH,3237.11141123426,1
CA_OK,CA,OK,2037.37757358127,1
CA_OR,CA,OR,1068.30198162956,1
CA_PA,CA,PA,3723.04874265852,1
CA_RI,CA,RI,4172.41147769849,1
CA_SC,CA,SC,3490.07421003952,1
CA_SD,CA,SD,1978.46806918635,1
CA_TN,CA,TN,2973.27444649892,1
CA_TX,CA,TX,2106.75090409553,1
CA_UT,CA,UT,853.791893285014,1
CA_VA,CA,VA,3691.28656572588,1
CA_VT,CA,VT,4040.48856568051,1
CA_WA,CA,WA,1334.1497032446,1
CA_WI,CA,WI,2742.09946821267,1
CA_WV,CA,WV,3424.07736635593,1
CA_WY,CA,WY,1334.34469152553,1
CO_CT,CO,CT,2729.91019626847,1
CO_DC,CO,DC,2422.4321705315,1
CO_DE,CO,DE,2537.42624978933,1
CO_FL,CO,FL,2529.23564849854,1
CO_GA,CO,GA,2021.45854635522,1
CO_IA,CO,IA,1060.34760802279,1
CO_ID,CO,ID,979.462633501644,1
CO_IL,CO,IL,1437.47556763967,1
CO_IN,CO,IN,1618.18487266978,1
CO_KS,CO,KS,765.66334272385,1
CO_KY,CO,KY,1741.42364818541,1
CO_LA,CO,LA,1581.49668482936,1
CO_MA,CO,MA,2845.4522197008,1
CO_MD,CO,MD,2436.22029226024,1
CO_ME,CO,ME,2963.09173409931,1
CO_MI,CO,MI,1792.83803028753,1
CO_MN,CO,MN,1145.44001559318,1
CO_MO,CO,MO,1130.95659879211,1
CO_MS,CO,MS,1600.30981098052,1
CO_MT,CO,MT,948.809753999823,1
CO_NC,CO,NC,2290.09251403835,1
CO_ND,CO,ND,992.733440783938,1
CO_NE,CO,NE,693.969974153239,1
CO_NH,CO,NH,2829.85762178046,1
CO_NJ,CO,NJ,2614.08867870653,1
CO_NM,CO,NM,552.965319966284,1
CO_NV,CO,NV,1000.74364451258,1
CO_NY,CO,NY,2583.05607761379,1
CO_OH,CO,OH,1911.85642937185,1
CO_OK,CO,OK,857.16050817596,1
CO_OR,CO,OR,1544.36395892849,1
CO_PA,CO,PA,2396.61769380955,1
CO_RI,CO,RI,2844.13876744178,1
CO_SC,CO,SC,2234.1410707971,1
CO_SD,CO,SD,717.779696408589,1
CO_TN,CO,TN,1708.24541800171,1
CO_TX,CO,TX,1192.99567001837,1
CO_UT,CO,UT,581.551473399101,1
CO_VA,CO,VA,2379.64687509939,1
CO_VT,CO,VT,2717.26833560967,1
CO_WA,CO,WA,1582.09050869768,1
CO_WI,CO,WI,1422.51580694072,1
CO_WV,CO,WV,2107.73097659026,1
CO_WY,CO,WY,385.867398982105,1
CT_DC,CT,DC,455.009819888493,1
CT_DE,CT,DE,329.414973676048,1
CT_FL,CT,FL,1719.17590189763,1
CT_GA,CT,GA,1326.77065413559,1
CT_IA,CT,IA,1672.81011937437,1
CT_ID,CT,ID,3429.53438040238,1
CT_IL,CT,IL,1293.97449951365,1
CT_IN,CT,IN,1136.63183467186,1
CT_KS,CT,KS,2033.50045434683,1
CT_KY,CT,KY,1135.24287030133,1
CT_LA,CT,LA,2054.46651660396,1
CT_MA,CT,MA,151.70882584635,1
CT_MD,CT,MD,424.274454281655,1
CT_ME,CT,ME,403.319131436927,1
CT_MI,CT,MI,947.342106067603,1
CT_MN,CT,MN,1721.11471857286,1
CT_MO,CT,MO,1680.89380392289,1
CT_MS,CT,MS,1780.36940866563,1
CT_MT,CT,MT,3094.81690620718,1
CT_NC,CT,NC,887.638423293249,1
CT_ND,CT,ND,2189.38650895046,1
CT_NE,CT,NE,2037.05050842992,1
CT_NH,CT,NH,217.798325198544,1
CT_NJ,CT,NJ,176.852069331004,1
CT_NM,CT,NM,3012.60197938782,1
CT_NV,CT,NV,3729.83499750282,1
CT_NY,CT,NY,147.546065597584,1
CT_OH,CT,OH,839.150910716192,1
CT_OK,CT,OK,2179.06526450417,1
CT_OR,CT,OR,3992.47938866413,1
CT_PA,CT,PA,367.063965902492,1
CT_RI,CT,RI,121.438119393023,1
CT_SC,CT,SC,1097.04189872047,1
CT_SD,CT,SD,2145.65074479805,1
CT_TN,CT,TN,1330.21444469132,1
CT_TX,CT,TX,2484.38924980236,1
CT_UT,CT,UT,3257.78176851699,1
CT_VA,CT,VA,589.588290313537,1
CT_VT,CT,VT,289.386351772703,1
CT_WA,CT,WA,3865.74040762839,1
CT_WI,CT,WI,1344.73763016997,1
CT_WV,CT,WV,732.955307122697,1
CT_WY,CT,WY,2805.24722242141,1
DC_DE,DC,DE,135.384177572951,1
DC_FL,DC,FL,1306.83328972475,1
DC_GA,DC,GA,871.996406627867,1
DC_IA,DC,IA,1397.02750106073,1
DC_ID,DC,ID,3205.34875604583,1
DC_IL,DC,IL,1002.56326129479,1
DC_IN,DC,IN,805.134620157933,1
DC_KS,DC,KS,1686.8000960307,1
DC_KY,DC,KY,728.078697727178,1
DC_LA,DC,LA,1605.30022533727,1
DC_MA,DC,MA,606.590967635566,1
DC_MD,DC,MD,31.6557669648538,1
DC_ME,DC,ME,852.145974405601,1
DC_MI,DC,MI,748.775179468757,1
DC_MN,DC,MN,1533.74819921793,1
DC_MO,DC,MO,1319.59738144932,1
DC_MS,DC,MS,1333.56074532102,1
DC_MT,DC,MT,2906.87327184582,1
DC_NC,DC,NC,442.056642712345,1
DC_ND,DC,ND,2031.06580005152,1
DC_NE,DC,NE,1744.46912303191,1
DC_NH,DC,NH,663.402661630127,1
DC_NJ,DC,NJ,278.756620403896,1
DC_NM,DC,NM,2647.88161362989,1
DC_NV,DC,NV,3420.41923050935,1
DC_NY,DC,NY,352.045655108611,1
DC_OH,DC,OH,521.574032881301,1
DC_OK,DC,OK,1790.55879329993,1
DC_OR,DC,OR,3784.62764033238,1
DC_PA,DC,PA,172.089748342191,1
DC_RI,DC,RI,568.219918422778,1
DC_SC,DC,SC,651.041163429452,1
DC_SD,DC,SD,1913.93832548695,1
DC_TN,DC,TN,895.010124080496,1
DC_TX,DC,TX,2054.62238334727,1
DC_UT,DC,UT,2976.92330053147,1
DC_VA,DC,VA,140.892726321002,1
DC_VT,DC,VT,674.816214123726,1
DC_WA,DC,WA,3689.44413029604,1
DC_WI,DC,WI,1136.84790396191,1
DC_WV,DC,WV,322.301433392683,1
DC_WY,DC,WY,2549.8751435499,1
DE_FL,DE,FL,1402.03322660362,1
DE_GA,DE,GA,999.738402995879,1
DE_IA,DE,IA,1501.52774770327,1
DE_ID,DE,ID,3302.08173316478,1
DE_IL,DE,IL,1108.29697248807,1
DE_IN,DE,IN,919.46430693554,1
DE_KS,DE,KS,1808.9210315608,1
DE_KY,DE,KY,859.506080766485,1
DE_LA,DE,LA,1739.43401930727,1
DE_MA,DE,MA,479.477411807197,1
DE_MD,DE,MD,109.773415177789,1
DE_ME,DE,ME,731.64152793258,1
DE_MI,DE,MI,823.95086535123,1
DE_MN,DE,MN,1615.90545294222,1
DE_MO,DE,MO,1443.86521902628,1
DE_MS,DE,MS,1468.29109550584,1
DE_MT,DE,MT,2994.06853164022,1
DE_NC,DE,NC,558.264409599394,1
DE_ND,DE,ND,2108.03444459748,1
DE_NE,DE,NE,1854.53637672942,1
DE_NH,DE,NH,543.832845870253,1
DE_NJ,DE,NJ,153.399617706157,1
DE_NM,DE,NM,2774.75259146799,1
DE_NV,DE,NV,3536.9456018965,1
DE_NY,DE,NY,250.850630055399,1
DE_OH,DE,OH,627.196082640525,1
DE_OK,DE,OK,1920.81881726854,1
DE_OR,DE,OR,3878.10609482714,1
DE_PA,DE,PA,174.383116094344,1
DE_RI,DE,RI,437.735635907435,1
DE_SC,DE,SC,767.745715012627,1
DE_SD,DE,SD,2009.59459483415,1
DE_TN,DE,TN,1030.30106793238,1
DE_TX,DE,TX,2189.8760627524,1
DE_UT,DE,UT,3086.72288145289,1
DE_VA,DE,VA,261.106699587368,1
DE_VT,DE,VT,574.306022456848,1
DE_WA,DE,WA,3774.93320405485,1
DE_WI,DE,WI,1221.2438603068,1
DE_WV,DE,WV,451.3099935932,1
DE_WY,DE,WY,2653.05724025803,1
FL_GA,FL,GA,654.409607479526,1
FL_IA,FL,IA,1881.24512621202,1
FL_ID,FL,ID,3493.48487171541,1
FL_IL,FL,IL,1619.59815474493,1
FL_IN,FL,IN,1436.10351969226,1
FL_KS,FL,KS,1814.51965773806,1
FL_KY,FL,KY,1162.91818007429,1
FL_LA,FL,LA,1010.65318360945,1
FL_MA,FL,MA,1858.40132654087,1
FL_MD,FL,MD,1337.36287251949,1
FL_ME,FL,ME,2119.39526569939,1
FL_MI,FL,MI,1691.20249003676,1
FL_MN,FL,MN,2204.06404271026,1
FL_MO,FL,MO,1534.09958358936,1
FL_MS,FL,MS,928.940619082008,1
FL_MT,FL,MT,3335.24136938321,1
FL_NC,FL,NC,879.804395067534,1
FL_ND,FL,ND,2661.12611543657,1
FL_NE,FL,NE,2061.23700448952,1
FL_NH,FL,NH,1936.93542631593,1
FL_NJ,FL,NJ,1551.87750352325,1
FL_NM,FL,NM,2463.88585624759,1
FL_NV,FL,NV,3385.5219295581,1
FL_NY,FL,NY,1650.95003659939,1
FL_OH,FL,OH,1410.06170646714,1
FL_OK,FL,OK,1675.41461741539,1
FL_OR,FL,OR,4071.17723290303,1
FL_PA,FL,PA,1469.20619588245,1
FL_RI,FL,RI,1806.36003948859,1
FL_SC,FL,SC,693.110400530875,1
FL_SD,FL,SD,2376.75144100615,1
FL_TN,FL,TN,993.724910200377,1
FL_TX,FL,TX,1561.92600746032,1
FL_UT,FL,UT,3100.57356540258,1
FL_VA,FL,VA,1167.96910230572,1
FL_VT,FL,VT,1975.75818539553,1
FL_WA,FL,WA,4077.14942602891,1
FL_WI,FL,WI,1889.29195061358,1
FL_WV,FL,WV,1224.62500848642,1
FL_WY,FL,WY,2820.97648592541,1
GA_IA,GA,IA,1247.56523393676,1
GA_ID,GA,ID,2949.55874224533,1
GA_IL,GA,IL,965.819230828726,1
GA_IN,GA,IN,782.930049525734,1
GA_KS,GA,KS,1265.07043243562,1
GA_KY,GA,KY,510.187743624675,1
GA_LA,GA,LA,777.765534871974,1
GA_MA,GA,MA,1478.11110998465,1
GA_MD,GA,MD,903.080946483134,1
GA_ME,GA,ME,1722.96847824431,1
GA_MI,GA,MI,1057.43503160133,1
GA_MN,GA,MN,1556.27471360235,1
GA_MO,GA,MO,936.119825732086,1
GA_MS,GA,MS,538.500517546222,1
GA_MT,GA,MT,2749.97344994197,1
GA_NC,GA,NC,456.960502770263,1
GA_ND,GA,ND,2025.09406259778,1
GA_NE,GA,NE,1469.76075059656,1
GA_NH,GA,NH,1534.31133961636,1
GA_NJ,GA,NJ,1150.06762238361,1
GA_NM,GA,NM,2074.17186125753,1
GA_NV,GA,NV,2954.89116325715,1
GA_NY,GA,NY,1217.66798993899,1
GA_OH,GA,OH,794.37221381338,1
GA_OK,GA,OK,1212.31313126198,1
GA_OR,GA,OR,3536.28657705343,1
GA_PA,GA,PA,997.007780745413,1
GA_RI,GA,RI,1437.46809505818,1
GA_SC,GA,SC,275.6282092903,1
GA_SD,GA,SD,1763.28565661064,1
GA_TN,GA,TN,352.480619881637,1
GA_TX,GA,TX,1299.2178139574,1
GA_UT,GA,UT,2602.91785177106,1
GA_VA,GA,VA,738.745091659534,1
GA_VT,GA,VT,1529.40160091338,1
GA_WA,GA,WA,3512.74909015346,1
GA_WI,GA,WI,1234.88250598137,1
GA_WV,GA,WV,666.80006172859,1
GA_WY,GA,WY,2268.1250900974,1
IA_ID,IA,ID,1814.07506218242,1
IA_IL,IA,IL,394.485043567028,1
IA_IN,IA,IN,603.218165589933,1
IA_KS,IA,KS,484.187343810179,1
IA_KY,IA,KY,808.030780446368,1
IA_LA,IA,LA,1256.77599010628,1
IA_MA,IA,MA,1785.64286818216,1
IA_MD,IA,MD,1406.58635835184,1
IA_ME,IA,ME,1905.42061303878,1
IA_MI,IA,MI,732.496559632633,1
IA_MN,IA,MN,365.201929798819,1
IA_MO,IA,MO,398.520118648104,1
IA_MS,IA,MS,1085.31770338452,1
IA_MT,IA,MT,1546.32566105412,1
IA_NC,IA,NC,1360.61232938712,1
IA_ND,IA,ND,779.902017106092,1
IA_NE,IA,NE,366.539475923542,1
IA_NH,IA,NH,1769.59120673658,1
IA_NJ,IA,NJ,1564.92252886436,1
IA_NM,IA,NM,1417.69979744622,1
IA_NV,IA,NV,2058.02172394517,1
IA_NY,IA,NY,1526.7097012363,1
IA_OH,IA,OH,875.944028898788,1
IA_OK,IA,OK,779.361587086455,1
IA_OR,IA,OR,2398.4193756137,1
IA_PA,IA,PA,1350.4397946811,1
IA_RI,IA,RI,1785.58867260874,1
IA_SC,IA,SC,1372.5037639464,1
IA_SD,IA,SD,537.611800641942,1
IA_TN,IA,TN,895.291343305071,1
IA_TX,IA,TX,1288.29087551706,1
IA_UT,IA,UT,1588.35022834922,1
IA_VA,IA,VA,1377.81950819832,1
IA_VT,IA,VT,1658.83581976729,1
IA_WA,IA,WA,2327.40056832653,1
IA_WI,IA,WI,382.345412514605,1
IA_WV,IA,WV,1100.07013026952,1
IA_WY,IA,WY,1152.85104385866,1
ID_IL,ID,IL,2206.56100431011,1
ID_IN,ID,IN,2417.11772676724,1
ID_KS,ID,KS,1687.89541964287,1
ID_KY,ID,KY,2598.71308102087,1
ID_LA,ID,LA,2560.73627473188,1
ID_MA,ID,MA,3519.13066526187,1
ID_MD,ID,MD,3212.59707928853,1
ID_ME,ID,ME,3577.87332372293,1
ID_MI,ID,MI,2490.2732289143,1
ID_MN,ID,MN,1709.25484259367,1
ID_MO,ID,MO,2020.39325875448,1
ID_MS,ID,MS,2567.10759146427,1
ID_MT,ID,MT,416.971527219543,1
ID_NC,ID,NC,3158.21116270914,1
ID_ND,ID,ND,1278.69412740563,1
ID_NE,ID,NE,1498.7926671109,1
ID_NH,ID,NH,3480.9388867121,1
ID_NJ,ID,NJ,3347.35208598186,1
ID_NM,ID,NM,1308.67412711252,1
ID_NV,ID,NV,803.547840391658,1
ID_NY,ID,NY,3290.14772276823,1
ID_OH,ID,OH,2684.15241983926,1
ID_OK,ID,OK,1832.54439917,1
ID_OR,ID,OR,588.710079894352,1
ID_PA,ID,PA,3141.58135318371,1
ID_RI,ID,RI,3531.24922463369,1
ID_SC,ID,SC,3135.52823286474,1
ID_SD,ID,SD,1292.4901379377,1
ID_TN,ID,TN,2615.28888592985,1
ID_TX,ID,TX,2152.7053022504,1
ID_UT,ID,UT,503.412024293978,1
ID_VA,ID,VA,3191.76413553035,1
ID_VT,ID,VT,3346.78642822126,1
ID_WA,ID,WA,606.489076031025,1
ID_WI,ID,WI,2088.81953718569,1
ID_WV,ID,WV,2914.035272978,1
ID_WY,ID,WY,681.88517727969,1
IL_IN,IL,IN,219.359259688254,1
IL_KS,IL,KS,757.533497813183,1
IL_KY,IL,KY,470.00183145328,1
IL_LA,IL,LA,1209.1827063436,1
IL_MA,IL,MA,1414.60667241155,1
IL_MD,IL,MD,1012.35381957274,1
IL_ME,IL,ME,1556.41682996965,1
IL_MI,IL,MI,387.023008609774,1
IL_MN,IL,MN,606.054760252382,1
IL_MO,IL,MO,456.147026789759,1
IL_MS,IL,MS,973.850129037866,1
IL_MT,IL,MT,1926.26106085446,1
IL_NC,IL,NC,992.917406274709,1
IL_ND,IL,ND,1100.24321074192,1
IL_NE,IL,NE,747.923221569959,1
IL_NH,IL,NH,1407.64268644883,1
IL_NJ,IL,NJ,1177.18066959385,1
IL_NM,IL,NM,1738.70300982366,1
IL_NV,IL,NV,2438.15751321266,1
IL_NY,IL,NY,1146.71263226349,1
IL_OH,IL,OH,481.765386972169,1
IL_OK,IL,OK,970.774464482492,1
IL_OR,IL,OR,2789.28373703966,1
IL_PA,IL,PA,960.649589881563,1
IL_RI,IL,RI,1409.84958023336,1
IL_SC,IL,SC,1035.87159676454,1
IL_SD,IL,SD,920.639358775844,1
IL_TN,IL,TN,634.901959864791,1
IL_TX,IL,TX,1408.58504205023,1
IL_UT,IL,UT,1978.86459755923,1
IL_VA,IL,VA,985.695520212957,1
IL_VT,IL,VT,1309.15245558394,1
IL_WA,IL,WA,2709.46456181906,1
IL_WI,IL,WI,276.244203610798,1
IL_WV,IL,WV,708.229515358783,1
IL_WY,IL,WY,1547.33169036428,1
IN_KS,IN,KS,897.62811039909,1
IN_KY,IN,KY,273.197623967463,1
IN_LA,IN,LA,1152.15149945991,1
IN_MA,IN,MA,1267.78358572375,1
IN_MD,IN,MD,818.162423609413,1
IN_ME,IN,ME,1435.61162392992,1
IN_MI,IN,MI,347.751783638511,1
IN_MN,IN,MN,821.146869221833,1
IN_MO,IN,MO,546.827470660515,1
IN_MS,IN,MS,892.377079624787,1
IN_MT,IN,MT,2143.55179572822,1
IN_NC,IN,NC,773.874026143327,1
IN_ND,IN,ND,1318.25689055938,1
IN_NE,IN,NE,940.22330176839,1
IN_NH,IN,NH,1273.3022113846,1
IN_NJ,IN,NJ,1004.05678402646,1
IN_NM,IN,NM,1876.03914157598,1
IN_NV,IN,NV,2617.48152109538,1
IN_NY,IN,NY,989.481598454772,1
IN_OH,IN,OH,298.586759369855,1
IN_OK,IN,OK,1057.41517937054,1
IN_OR,IN,OR,3001.62486426439,1
IN_PA,IN,PA,785.163876123437,1
IN_RI,IN,RI,1256.08103021898,1
IN_SC,IN,SC,825.166455084652,1
IN_SD,IN,SD,1136.27047119449,1
IN_TN,IN,TN,483.403333552259,1
IN_TX,IN,TX,1437.30391983595,1
IN_UT,IN,UT,2172.23092007322,1
IN_VA,IN,VA,775.717255476468,1
IN_VT,IN,VT,1191.78587440445,1
IN_WA,IN,WA,2926.37526637734,1
IN_WI,IN,WI,459.069838273833,1
IN_WV,IN,WV,498.224202341661,1
IN_WY,IN,WY,1751.94410007646,1
KS_KY,KS,KY,983.504611213176,1
KS_LA,KS,LA,973.074012880637,1
KS_MA,KS,MA,2161.67485236207,1
KS_MD,KS,MD,1703.60693401989,1
KS_ME,KS,ME,2313.15197144367,1
KS_MI,KS,MI,1142.82241870363,1
KS_MN,KS,MN,787.071250471407,1
KS_MO,KS,MO,370.888387673474,1
KS_MS,KS,MS,902.561364962883,1
KS_MT,KS,MT,1525.06399514058,1
KS_NC,KS,NC,1525.93393384196,1
KS_ND,KS,ND,1015.89111847611,1
KS_NE,KS,NE,310.479835923198,1
KS_NH,KS,NH,2160.65662035898,1
KS_NJ,KS,NJ,1900.95405656651,1
KS_NM,KS,NM,982.400624024022,1
KS_NV,KS,NV,1743.78440689411,1
KS_NY,KS,NY,1886.10715349269,1
KS_OH,KS,OH,1196.17330368489,1
KS_OK,KS,OK,320.850461985516,1
KS_OR,KS,OR,2272.7916200322,1
KS_PA,KS,PA,1682.09025602766,1
KS_RI,KS,RI,2152.29249064513,1
KS_SC,KS,SC,1469.38264848398,1
KS_SD,KS,SD,653.495863737273,1
KS_TN,KS,TN,943.446394007244,1
KS_TX,KS,TX,845.621350123832,1
KS_UT,KS,UT,1345.43280883599,1
KS_VA,KS,VA,1631.40628477183,1
KS_VT,KS,VT,2066.08896370943,1
KS_WA,KS,WA,2263.54338896349,1
KS_WI,KS,WI,854.105428099944,1
KS_WV,KS,WV,1366.34355218512,1
KS_WY,KS,WY,1009.15974970526,1
KY_LA,KY,LA,978.271099926436,1
KY_MA,KY,MA,1280.27587144058,1
KY_MD,KY,MD,750.040582272333,1
KY_ME,KY,ME,1484.72128765599,1
KY_MI,KY,MI,568.595045756985,1
KY_MN,KY,MN,1074.45091220031,1
KY_MO,KY,MO,612.76447750546,1
KY_MS,KY,MS,703.390704443735,1
KY_MT,KY,MT,2351.95831249983,1
KY_NC,KY,NC,559.498856127033,1
KY_ND,KY,ND,1562.32038225218,1
KY_NE,KY,NE,1100.91061864214,1
KY_NH,KY,NH,1306.59061703022,1
KY_NJ,KY,NJ,977.103322694825,1
KY_NM,KY,NM,1924.84885153994,1
KY_NV,KY,NV,2727.28167749336,1
KY_NY,KY,NY,995.775262609385,1
KY_OH,KY,OH,362.749458233969,1
KY_OK,KY,OK,1062.77919335197,1
KY_OR,KY,OR,3186.84137150762,1
KY_PA,KY,PA,768.178925283018,1
KY_RI,KY,RI,1256.53346349782,1
KY_SC,KY,SC,569.279449730389,1
KY_SD,KY,SD,1344.57253826643,1
KY_TN,KY,TN,245.37773037223,1
KY_TX,KY,TX,1352.74066035853,1
KY_UT,KY,UT,2313.20762017469,1
KY_VA,KY,VA,653.584766659211,1
KY_VT,KY,VT,1254.27146520835,1
KY_WA,KY,WA,3130.45666346185,1
KY_WI,KY,WI,729.645412339032,1
KY_WV,KY,WV,408.811699254726,1
KY_WY,KY,WY,1921.93435528801,1
LA_MA,LA,MA,2205.53875862134,1
LA_MD,LA,MD,1634.32504502475,1
LA_ME,LA,ME,2433.11641410678,1
LA_MI,LA,MI,1499.60966851305,1
LA_MN,LA,MN,1621.97773871297,1
LA_MO,LA,MO,859.580221448242,1
LA_MS,LA,MS,277.383364614586,1
LA_MT,LA,MT,2466.22075239391,1
LA_NC,LA,NC,1227.5673417215,1
LA_ND,LA,ND,1967.43012099101,1
LA_NE,LA,NE,1274.73930030254,1
LA_NH,LA,NH,2247.9362068647,1
LA_NJ,LA,NJ,1881.71348418417,1
LA_NM,LA,NM,1455.670639055,1
LA_NV,LA,NV,2381.366314413,1
LA_NY,LA,NY,1928.75146904799,1
LA_OH,LA,OH,1340.76142213857,1
LA_OK,LA,OK,734.683570983033,1
LA_OR,LA,OR,3121.15074917615,1
LA_PA,LA,PA,1698.26771391105,1
LA_RI,LA,RI,2171.62837380885,1
LA_SC,LA,SC,1052.82357361407,1
LA_SD,LA,SD,1619.46540637761,1
LA_TN,LA,TN,742.332778636746,1
LA_TX,LA,TX,559.975439537707,1
LA_UT,LA,UT,2131.39378281868,1
LA_VA,LA,VA,1484.98458333046,1
LA_VT,LA,VT,2215.17294276732,1
LA_WA,LA,WA,3160.85751936386,1
LA_WI,LA,WI,1463.59248294776,1
LA_WV,LA,WV,1332.74052232992,1
LA_WY,LA,WY,1915.60705533596,1
MA_MD,MA,MD,575.932622335496,1
MA_ME,MA,ME,261.417957352488,1
MA_MI,MA,MI,1054.40149534106,1
MA_MN,MA,MN,1810.20178236167,1
MA_MO,MA,MO,1814.05711249175,1
MA_MS,MA,MS,1931.1130017517,1
MA_MT,MA,MT,3174.76831976917,1
MA_NC,MA,NC,1036.99535842426,1
MA_ND,MA,ND,2265.68151711858,1
MA_NE,MA,NE,2151.55645981341,1
MA_NH,MA,NH,98.5842500927225,1
MA_NJ,MA,NJ,328.050805849009,1
MA_NM,MA,NM,3142.85550994066,1
MA_NV,MA,NV,3843.57353895814,1
MA_NY,MA,NY,284.655584464045,1
MA_OH,MA,OH,972.889092787396,1
MA_OK,MA,OK,2316.88400928961,1
MA_OR,MA,OR,4075.64493583666,1
MA_PA,MA,PA,513.39975187307,1
MA_RI,MA,RI,58.2070957284786,1
MA_SC,MA,SC,1246.07184925129,1
MA_SD,MA,SD,2243.16905956046,1
MA_TN,MA,TN,1479.34930248117,1
MA_TX,MA,TX,2631.37690436863,1
MA_UT,MA,UT,3364.38176658072,1
MA_VA,MA,VA,740.308690710558,1
MA_VT,MA,VT,234.832282594229,1
MA_WA,MA,WA,3939.58832607281,1
MA_WI,MA,WI,1444.58896601864,1
MA_WV,MA,WV,881.154799928531,1
MA_WY,MA,WY,2906.02701278482,1
MD_ME,MD,ME,820.726765344434,1
MD_MI,MD,MI,748.165585806598,1
MD_MN,MD,MN,1536.03604504169,1
MD_MO,MD,MO,1337.39239634344,1
MD_MS,MD,MS,1362.09577396865,1
MD_MT,MD,MT,2911.05496512602,1
MD_NC,MD,NC,473.664864308382,1
MD_ND,MD,ND,2032.01868025784,1
MD_NE,MD,NE,1756.20829104518,1
MD_NH,MD,NH,631.977308769613,1
MD_NJ,MD,NJ,248.430585571684,1
MD_NM,MD,NM,2667.15351835013,1
MD_NV,MD,NV,3434.90987671556,1
MD_NY,MD,NY,320.407382623401,1
MD_OH,MD,OH,530.643862721331,1
MD_OK,MD,OK,1811.7962016545,1
MD_OR,MD,OR,3790.87163800759,1
MD_PA,MD,PA,147.675085010987,1
MD_RI,MD,RI,538.260983391675,1
MD_SC,MD,SC,682.686733993417,1
MD_SD,MD,SD,1920.61746235525,1
MD_TN,MD,TN,921.383294865557,1
MD_TX,MD,TX,2080.80209908747,1
MD_UT,MD,UT,2988.73470017654,1
MD_VA,MD,VA,172.392104119924,1
MD_VT,MD,VT,643.355659487579,1
MD_WA,MD,WA,3693.19568621685,1
MD_WI,MD,WI,1139.55558838881,1
MD_WV,MD,WV,342.35051514549,1
MD_WY,MD,WY,2559.23733706396,1
ME_MI,ME,MI,1176.92875410344,1
ME_MN,ME,MN,1881.16953506651,1
ME_MO,ME,MO,1980.59865293315,1
ME_MS,ME,MS,2156.73518191984,1
ME_MT,ME,MT,3215.84824037866,1
ME_NC,ME,NC,1289.64372920703,1
ME_ND,ME,ND,2306.33220119874,1
ME_NE,ME,NE,2271.33027219244,1
ME_NH,ME,NH,188.750689446632,1
ME_NJ,ME,NJ,578.266649915539,1
ME_NM,ME,NM,3295.05280952097,1
ME_NV,ME,NV,3953.22413336247,1
ME_NY,ME,NY,506.93258093679,1
ME_OH,ME,OH,1152.37051618778,1
ME_OK,ME,OK,2492.9138971391,1
ME_OR,ME,OR,4119.2667529739,1
ME_PA,ME,PA,735.482379938088,1
ME_RI,ME,RI,315.902877658162,1
ME_SC,ME,SC,1499.23517349165,1
ME_SD,ME,SD,2326.04890792814,1
ME_TN,ME,TN,1697.71084596073,1
ME_TX,ME,TX,2836.59624390525,1
ME_UT,ME,UT,3459.68009230265,1
ME_VA,ME,VA,989.844304010553,1
ME_VT,ME,VT,247.411674855865,1
ME_WA,ME,WA,3965.33022863399,1
ME_WI,ME,WI,1542.98813071258,1
ME_WV,ME,WV,1100.6862789643,1
ME_WY,ME,WY,2990.97866464139,1
MI_MN,MI,MN,792.550294935678,1
MI_MO,MI,MO,836.41047244379,1
MI_MS,MI,MS,1237.55951138446,1
MI_MT,MI,MT,2171.96356411981,1
MI_NC,MI,NC,905.167412111339,1
MI_ND,MI,ND,1284.60361285562,1
MI_NE,MI,NE,1098.99289655152,1
MI_NH,MI,NH,1037.15925644091,1
MI_NJ,MI,NJ,857.179072546968,1
MI_NM,MI,NM,2121.69104376067,1
MI_NV,MI,NV,2789.57249784454,1
MI_NY,MI,NY,803.801309100668,1
MI_OH,MI,OH,294.718686200092,1
MI_OK,MI,OK,1354.01925319583,1
MI_OR,MI,OR,3060.86675231814,1
MI_PA,MI,PA,655.945611046385,1
MI_RI,MI,RI,1056.84504510905,1
MI_SC,MI,SC,1023.30865214154,1
MI_SD,MI,SD,1200.93763471761,1
MI_TN,MI,TN,807.65813306619,1
MI_TX,MI,TX,1769.59789411767,1
MI_UT,MI,UT,2311.26411469656,1
MI_VA,MI,VA,782.320721261539,1
MI_VT,MI,VT,929.613829662453,1
MI_WA,MI,WA,2951.70111337548,1
MI_WI,MI,WI,401.541816982317,1
MI_WV,MI,WV,540.11043727856,1
MI_WY,MI,WY,1858.20584649086,1
MN_MO,MN,MO,763.27214243478,1
MN_MS,MN,MS,1445.62236460987,1
MN_MT,MN,MT,1379.76398342176,1
MN_NC,MN,NC,1592.65449728818,1
MN_ND,MN,ND,502.096654594567,1
MN_NE,MN,NE,541.482659982415,1
MN_NH,MN,NH,1774.45813157192,1
MN_NJ,MN,NJ,1646.50632698096,1
MN_NM,MN,NM,1601.07124436786,1
MN_NV,MN,NV,2095.62525954011,1
MN_NY,MN,NY,1583.31411837792,1
MN_OH,MN,OH,1027.62314009097,1
MN_OK,MN,OK,1104.03400036719,1
MN_OR,MN,OR,2272.38594220775,1
MN_PA,MN,PA,1448.47946003553,1
MN_RI,MN,RI,1822.00538982113,1
MN_SC,MN,SC,1641.84434079586,1
MN_SD,MN,SD,450.168549455587,1
MN_TN,MN,TN,1210.34100178804,1
MN_TX,MN,TX,1625.47580039198,1
MN_UT,MN,UT,1586.62075303857,1
MN_VA,MN,VA,1546.76934520534,1
MN_VT,MN,VT,1644.16282683416,1
MN_WA,MN,WA,2159.17990068808,1
MN_WI,MN,WI,397.103040655988,1
MN_WV,MN,WV,1277.52011121013,1
MN_WY,MN,WY,1111.84278952983,1
MO_MS,MO,MS,691.330487228189,1
MO_MT,MO,MT,1814.52129144246,1
MO_NC,MO,NC,1159.47801688242,1
MO_ND,MO,ND,1149.55204187706,1
MO_NE,MO,NE,533.90396152126,1
MO_NH,MO,NH,1820.01604698246,1
MO_NJ,MO,NJ,1541.67452518978,1
MO_NM,MO,NM,1333.32222727342,1
MO_NV,MO,NV,2114.55949060648,1
MO_NY,MO,NY,1534.27021725887,1
MO_OH,MO,OH,841.865919802742,1
MO_OK,MO,OK,518.011442912559,1
MO_OR,MO,OR,2608.70828995966,1
MO_PA,MO,PA,1323.435935381,1
MO_RI,MO,RI,1801.02456716327,1
MO_SC,MO,SC,1116.40241339799,1
MO_SD,MO,SD,843.198850125868,1
MO_TN,MO,TN,595.061769873328,1
MO_TX,MO,TX,961.015117292407,1
MO_UT,MO,UT,1706.74158020924,1
MO_VA,MO,VA,1261.02319504276,1
MO_VT,MO,VT,1735.50689867395,1
MO_WA,MO,WA,2577.15161904121,1
MO_WI,MO,WI,646.958347073439,1
MO_WV,MO,WV,998.092180203564,1
MO_WY,MO,WY,1338.63256275393,1
MS_MT,MS,MT,2427.21156795427,1
MS_NC,MS,NC,971.532177596248,1
MS_ND,MS,ND,1837.585991872,1
MS_NE,MS,NE,1176.89612715687,1
MS_NH,MS,NH,1972.00923775981,1
MS_NJ,MS,NJ,1608.63154635951,1
MS_NM,MS,NM,1570.31287200679,1
MS_NV,MS,NV,2476.44396423874,1
MS_NY,MS,NY,1653.11827938885,1
MS_OH,MS,OH,1066.14009372273,1
MS_OK,MS,OK,747.582896079333,1
MS_OR,MS,OR,3142.85817882024,1
MS_PA,MS,PA,1422.38964907354,1
MS_RI,MS,RI,1898.23680909969,1
MS_SC,MS,SC,812.267524838981,1
MS_SD,MS,SD,1512.68546332549,1
MS_TN,MS,TN,465.214661453554,1
MS_TX,MS,TX,760.799460752093,1
MS_UT,MS,UT,2172.44853096334,1
MS_VA,MS,VA,1216.69201267451,1
MS_VT,MS,VT,1937.91938947594,1
MS_WA,MS,WA,3155.35795242931,1
MS_WI,MS,WI,1240.035230282,1
MS_WV,MS,WV,1056.10703183619,1
MS_WY,MS,WY,1899.05843698904,1
MT_NC,MT,NC,2906.89709432603,1
MT_ND,MT,ND,910.415740212468,1
MT_NE,MT,NE,1280.63530326674,1
MT_NH,MT,NH,3130.08786440503,1
MT_NJ,MT,NJ,3025.96593567266,1
MT_NM,MT,NM,1415.3491444463,1
MT_NV,MT,NV,1158.02958959587,1
MT_NY,MT,NY,2959.88050542521,1
MT_OH,MT,OH,2390.93909428276,1
MT_OK,MT,OK,1732.96967763488,1
MT_OR,MT,OR,903.418541396055,1
MT_PA,MT,PA,2827.85686224749,1
MT_RI,MT,RI,3191.08990847233,1
MT_SC,MT,SC,2908.76001566788,1
MT_SD,MT,SD,1008.78632762347,1
MT_TN,MT,TN,2403.3773224367,1
MT_TX,MT,TX,2134.42047065606,1
MT_UT,MT,UT,712.540936962335,1
MT_VA,MT,VA,2907.59108268079,1
MT_VT,MT,VT,2991.27908272918,1
MT_WA,MT,WA,783.542521571126,1
MT_WI,MT,WI,1772.82521092012,1
MT_WV,MT,WV,2631.88496642358,1
MT_WY,MT,WY,567.380324965977,1
NC_ND,NC,ND,2091.72641432237,1
NC_NE,NC,NE,1660.23302914707,1
NC_NH,NC,NH,1101.41032146756,1
NC_NJ,NC,NJ,711.471153068216,1
NC_NM,NC,NM,2426.92358512472,1
NC_NV,NC,NV,3264.87609577303,1
NC_NY,NC,NY,794.040880162865,1
NC_OH,NC,OH,610.886964965446,1
NC_OK,NC,OK,1553.20806453763,1
NC_OR,NC,OR,3746.3097552525,1
NC_PA,NC,PA,594.059818609046,1
NC_RI,NC,RI,992.669505737485,1
NC_SC,NC,SC,209.633001999881,1
NC_SD,NC,SD,1898.22264408142,1
NC_TN,NC,TN,605.991577377853,1
NC_TX,NC,TX,1725.40232475818,1
NC_UT,NC,UT,2866.00215047981,1
NC_VA,NC,VA,301.457222813129,1
NC_VT,NC,VT,1116.51433771918,1
NC_WA,NC,WA,3687.16793898114,1
NC_WI,NC,WI,1212.64264102748,1
NC_WV,NC,WV,374.478002806515,1
NC_WY,NC,WY,2481.14637584694,1
ND_NE,ND,NE,705.498161989511,1
ND_NH,ND,NH,2219.85641724714,1
ND_NJ,ND,NJ,2128.75172629108,1
ND_NM,ND,NM,1532.54072146091,1
ND_NV,ND,NV,1798.64645305157,1
ND_NY,ND,NY,2057.15345987694,1
ND_OH,ND,OH,1529.16041346899,1
ND_OK,ND,OK,1324.1055564091,1
ND_OR,ND,OR,1813.50770514165,1
ND_PA,ND,PA,1937.95086796315,1
ND_RI,ND,RI,2283.25826081015,1
ND_SC,ND,SC,2131.58577565802,1
ND_SD,ND,SD,371.969044595177,1
ND_TN,ND,TN,1673.58548574299,1
ND_TX,ND,TX,1837.91572057977,1
ND_UT,ND,UT,1270.41045358098,1
ND_VA,ND,VA,2048.02192825936,1
ND_VT,ND,VT,2080.87018867619,1
ND_WA,ND,WA,1676.41183312008,1
ND_WI,ND,WI,897.296091149165,1
ND_WV,ND,WV,1779.56052117871,1
ND_WY,ND,WY,796.548171192004,1
NE_NH,NE,NH,2136.11952499333,1
NE_NJ,NE,NJ,1924.83511166275,1
NE_NM,NE,NM,1076.45741243406,1
NE_NV,NE,NV,1692.8148436218,1
NE_NY,NE,NY,1890.48806008765,1
NE_OH,NE,OH,1227.35137162829,1
NE_OK,NE,OK,622.12367755442,1
NE_OR,NE,OR,2087.37086602257,1
NE_PA,NE,PA,1708.56976225727,1
NE_RI,NE,RI,2150.68979816291,1
NE_SC,NE,SC,1639.48327453712,1
NE_SD,NE,SD,345.06710520975,1
NE_TN,NE,TN,1125.4078013033,1
NE_TX,NE,TX,1143.09387029204,1
NE_UT,NE,UT,1232.5291527528,1
NE_VA,NE,VA,1713.29781131245,1
NE_VT,NE,VT,2024.96242187802,1
NE_WA,NE,WA,2045.26435873615,1
NE_WI,NE,WI,737.096971525629,1
NE_WV,NE,WV,1437.06536738586,1
NE_WY,NE,WY,821.061470799498,1
NH_NJ,NH,NJ,390.453955429403,1
NH_NM,NH,NM,3142.99848149022,1
NH_NV,NH,NV,3825.27605114873,1
NH_NY,NH,NY,319.604141276398,1
NH_OH,NH,OH,983.706573526021,1
NH_OK,NH,OK,2328.30196751359,1
NH_OR,NH,OR,4032.42185366942,1
NH_PA,NH,PA,549.670169666004,1
NH_RI,NH,RI,156.008487304426,1
NH_SC,NH,SC,1311.03509057934,1
NH_SD,NH,SD,2212.76331025334,1
NH_TN,NH,TN,1514.92645699926,1
NH_TX,NH,TX,2659.32622342578,1
NH_UT,NH,UT,3339.96860357895,1
NH_VA,NH,VA,801.283616700928,1
NH_VT,NH,VT,151.262357933127,1
NH_WA,NH,WA,3890.23132849079,1
NH_WI,NH,WI,1418.63271122992,1
NH_WV,NH,WV,916.698408806634,1
NH_WY,NH,WY,2877.18394903202,1
NJ_NM,NJ,NM,2874.99302105653,1
NJ_NV,NJ,NV,3614.82389703454,1
NJ_NY,NJ,NY,120.302319654137,1
NJ_OH,NJ,OH,705.746016763796,1
NJ_OK,NJ,OK,2030.99081874596,1
NJ_OR,NJ,OR,3917.5873072829,1
NJ_PA,NJ,PA,218.903137001754,1
NJ_RI,NJ,RI,290.03275172523,1
NJ_SC,NJ,SC,921.019192344642,1
NJ_SD,NJ,SD,2056.86647602738,1
NJ_TN,NJ,TN,1162.79750635137,1
NJ_TX,NJ,TX,2320.27075471453,1
NJ_UT,NJ,UT,3153.27023181156,1
NJ_VA,NJ,VA,412.769425851268,1
NJ_VT,NJ,VT,428.984011892435,1
NJ_WA,NJ,WA,3802.95714600122,1
NJ_WI,NJ,WI,1258.72049542423,1
NJ_WV,NJ,WV,569.912899415149,1
NJ_WY,NJ,WY,2709.65797528673,1
NM_NV,NM,NV,929.23589696803,1
NM_NY,NM,NY,2865.51645695433,1
NM_OH,NM,OH,2173.62693862103,1
NM_OK,NM,OK,873.735775939457,1
NM_OR,NM,OR,1782.51284042754,1
NM_PA,NM,PA,2656.7318925133,1
NM_RI,NM,RI,3132.1121009352,1
NM_SC,NM,SC,2324.70653743865,1
NM_SD,NM,SD,1220.10398841093,1
NM_TN,NM,TN,1820.98895920315,1
NM_TX,NM,TX,937.614169993669,1
NM_UT,NM,UT,808.14148546864,1
NM_VA,NM,VA,2578.10609827994,1
NM_VT,NM,VT,3047.83887340569,1
NM_WA,NM,WA,1901.76092105957,1
NM_WI,NM,WI,1799.8971403315,1
NM_WV,NM,WV,2325.58065860114,1
NM_WY,NM,WY,899.631915556959,1
NV_NY,NV,NY,3583.17356671517,1
NV_OH,NV,OH,2912.14593361,1
NV_OK,NV,OK,1743.55623627449,1
NV_OR,NV,OR,1009.7898242847,1
NV_PA,NV,PA,3397.28007749636,1
NV_RI,NV,RI,3843.42412660046,1
NV_SC,NV,SC,3188.94290935149,1
NV_SD,NV,SD,1646.01885592829,1
NV_TN,NV,TN,2668.1588689485,1
NV_TX,NV,TX,1865.62825905806,1
NV_UT,NV,UT,528.465881134945,1
NV_VA,NV,VA,3372.88157060274,1
NV_VT,NV,VT,3708.88756946834,1
NV_WA,NV,WA,1228.00366493818,1
NV_WI,NV,WI,2410.26748164322,1
NV_WV,NV,WV,3103.60331415657,1
NV_WY,NV,WY,1005.9427520888,1
NY_OH,NY,OH,692.40722901653,1
NY_OK,NY,OK,2034.13344241821,1
NY_OR,NY,OR,3855.6234636812,1
NY_PA,NY,PA,231.007680424653,1
NY_RI,NY,RI,266.754353182088,1
NY_SC,NY,SC,1003.08306061815,1
NY_SD,NY,SD,2003.86731907399,1
NY_TN,NY,TN,1197.85000776779,1
NY_TX,NY,TX,2347.41039762559,1
NY_UT,NY,UT,3112.70258352206,1
NY_VA,NY,VA,492.629770276995,1
NY_VT,NY,VT,324.927087558672,1
NY_WA,NY,WA,3733.36472636856,1
NY_WI,NY,WI,1203.0038927912,1
NY_WV,NY,WV,599.163095340609,1
NY_WY,NY,WY,2661.98654839073,1
OH_OK,OH,OK,1345.05003763614,1
OH_OR,OH,OR,3264.37872436218,1
OH_PA,OH,PA,486.932993568049,1
OH_RI,OH,RI,959.161198256498,1
OH_SC,OH,SC,732.393542318374,1
OH_SD,OH,SD,1393.51628081092,1
OH_TN,OH,TN,605.273528498747,1
OH_TX,OH,TX,1691.51668325778,1
OH_UT,OH,UT,2459.54904224022,1
OH_VA,OH,VA,519.270070254244,1
OH_VT,OH,VT,913.154117615503,1
OH_WA,OH,WA,3174.283278791,1
OH_WI,OH,WI,632.258267899731,1
OH_WV,OH,WV,253.990196194565,1
OH_WY,OH,WY,2028.6528306256,1
OK_OR,OK,OR,2401.52267313398,1
OK_PA,OK,PA,1815.59425187785,1
OK_RI,OK,RI,2300.16530225253,1
OK_SC,OK,SC,1454.67154392178,1
OK_SD,OK,SD,954.943765556051,1
OK_TN,OK,TN,947.254976070153,1
OK_TX,OK,TX,524.773397375271,1
OK_UT,OK,UT,1425.17127990044,1
OK_VA,OK,VA,1712.55586181326,1
OK_VT,OK,VT,2249.15189938123,1
OK_WA,OK,WA,2429.28346714411,1
OK_WI,OK,WI,1123.61443545382,1
OK_WV,OK,WV,1469.52604208972,1
OK_WY,OK,WY,1181.00140856543,1
OR_PA,OR,PA,3715.11464453293,1
OR_RI,OR,RI,4090.73410848207,1
OR_SC,OR,SC,3724.14025788767,1
OR_SD,OR,SD,1870.86492808622,1
OR_TN,OR,TN,3203.44576920649,1
OR_TX,OR,TX,2681.36524095571,1
OR_UT,OR,UT,997.423261000153,1
OR_VA,OR,VA,3774.97578985863,1
OR_VT,OR,VT,3894.2739310076,1
OR_WA,OR,WA,297.455262939609,1
OR_WI,OR,WI,2659.60360631319,1
OR_WV,OR,WV,3497.41906856935,1
OR_WY,OR,WY,1270.07909484045,1
PA_RI,PA,RI,488.380772352459,1
PA_SC,PA,SC,798.729728840375,1
PA_SD,PA,SD,1849.53241637529,1
PA_TN,PA,TN,966.917180535322,1
PA_TX,PA,TX,2118.0854438221,1
PA_UT,PA,UT,2938.50155207974,1
PA_VA,PA,VA,302.601464415007,1
PA_VT,PA,VT,532.433872391576,1
PA_WA,PA,WA,3607.56836383521,1
PA_WI,PA,WI,1055.87910100566,1
PA_WV,PA,WV,368.249012569854,1
PA_WY,PA,WY,2498.38037127063,1
RI_SC,RI,SC,1201.11302772608,1
RI_SD,RI,SD,2251.23438532473,1
RI_TN,RI,TN,1449.97101819335,1
RI_TX,RI,TX,2605.11028015336,1
RI_UT,RI,UT,3368.10436150613,1
RI_VA,RI,VA,698.760614573858,1
RI_VT,RI,VT,283.59285183928,1
RI_WA,RI,WA,3958.61160397661,1
RI_WI,RI,WI,1451.07480732669,1
RI_WV,RI,WV,853.487701589325,1
RI_WY,RI,WY,2912.66838170647,1
SC_SD,SC,SD,1905.64629935682,1
SC_TN,SC,TN,525.957928423717,1
SC_TX,SC,TX,1572.93708899019,1
SC_UT,SC,UT,2814.73860333567,1
SC_VA,SC,VA,510.782176227373,1
SC_VT,SC,VT,1324.72577463297,1
SC_WA,SC,WA,3682.49717004719,1
SC_WI,SC,WI,1282.11387370659,1
SC_WV,SC,WV,531.799756069902,1
SC_WY,SC,WY,2454.23944088303,1
SD_TN,SD,TN,1412.01345983704,1
SD_TX,SD,TX,1466.23742686381,1
SD_UT,SD,UT,1136.8251116569,1
SD_VA,SD,VA,1905.62452970325,1
SD_VT,SD,VT,2086.42696086378,1
SD_WA,SD,WA,1790.53815114505,1
SD_WI,SD,WI,800.955596478559,1
SD_WV,SD,WV,1628.55704468646,1
SD_WY,SD,WY,665.02923174467,1
TN_TX,TN,TX,1159.63570681125,1
TN_UT,TN,UT,2288.78067842104,1
TN_VA,TN,VA,793.020239394145,1
TN_VT,TN,VT,1475.04691287845,1
TN_WA,TN,WA,3170.60836171431,1
TN_WI,TN,WI,910.122483203289,1
TN_WV,TN,WV,598.687105558807,1
TN_WY,TN,WY,1933.44377874822,1
TX_UT,TX,UT,1684.26407502972,1
TX_VA,TX,VA,1949.98135130868,1
TX_VT,TX,VT,2602.60797562805,1
TX_WA,TX,WA,2759.18250761238,1
TX_WI,TX,WI,1604.43401853868,1
TX_WV,TX,WV,1751.65266220179,1
TX_WY,TX,WY,1567.11745608964,1
UT_VA,UT,VA,2942.55241235015,1
UT_VT,UT,VT,3217.94060190583,1
UT_WA,UT,WA,1094.19097418425,1
UT_WI,UT,WI,1921.35202240678,1
UT_WV,UT,WV,2667.645441503,1
UT_WY,UT,WY,481.317878904286,1
VA_VT,VA,VT,815.708802049751,1
VA_WA,VA,WA,3691.12443546202,1
VA_WI,VA,WI,1150.76856444149,1
VA_WV,VA,WV,277.749610654176,1
VA_WY,VA,WY,2527.60589874885,1
VT_WA,VT,WA,3748.04948542533,1
VT_WI,VT,WI,1298.79847060849,1
VT_WV,VT,WV,884.64852163124,1
VT_WY,VT,WY,2751.4353667536,1
WA_WI,WA,WI,2554.06908724649,1
WA_WV,WA,WV,3415.41179626047,1
WA_WY,WA,WY,1256.50547653771,1
WI_WV,WI,WV,884.090650638314,1
WI_WY,WI,WY,1461.67610694009,1
WV_WY,WV,WY,2250.1635215598,1
