GAS_ZONES,LNG_storage_predet_build_year,LNG_storage_predet_cap,LNG_storage_removed_cap,LNG_storage_total_cap
AL,1973,0,0,3696768
AL,1974,0,0,3696768
AL,1975,0,0,3696768
AL,1976,0,0,3696768
AL,1977,0,0,3696768
AL,1978,0,0,3696768
AL,1979,0,0,3696768
AL,1980,0,0,3696768
AL,1981,0,0,3696768
AL,1982,0,0,3696768
AL,1983,0,0,3696768
AL,1984,0,0,3696768
AL,1985,0,0,3696768
AL,1986,0,0,3696768
AL,1987,0,0,3696768
AL,1988,0,0,3696768
AL,1989,0,0,3696768
AL,1990,0,0,3696768
AL,1991,0,0,3696768
AL,1992,0,0,3696768
AL,1993,0,0,3696768
AL,1994,0,0,3696768
AL,1995,11658.2400000002,0,3708426.24
AL,1996,0,0,3708426.24
AL,1997,0,0,3708426.24
AL,1998,0,0,3708426.24
AL,1999,0,0,3708426.24
AL,2000,0,0,3708426.24
AL,2001,0,0,3708426.24
AL,2002,0,0,3708426.24
AL,2003,0,0,3708426.24
AL,2004,0,0,3708426.24
AL,2005,0,0,3708426.24
AL,2006,0,0,3708426.24
AL,2007,0,0,3708426.24
AL,2008,0,0,3708426.24
AL,2009,0,0,3708426.24
AL,2010,0,0,3708426.24
AL,2011,0,0,3708426.24
AL,2012,0,0,3708426.24
AL,2013,0,0,3708426.24
AL,2014,0,0,3708426.24
AL,2015,0,0,3708426.24
AL,2016,0,0,3708426.24
AL,2017,0,0,3708426.24
AL,2018,0,0,3708426.24
AL,2019,0,0,3708426.24
AL,2020,0,0,3708426.24
AL,2021,0,0,3708426.24
AL,2022,0,0,3708426.24
AR,1973,0,0,316800
AR,1974,0,0,316800
AR,1975,0,0,316800
AR,1976,0,0,316800
AR,1977,0,0,316800
AR,1978,0,0,316800
AR,1979,0,0,316800
AR,1980,0,0,316800
AR,1981,0,0,316800
AR,1982,0,0,316800
AR,1983,0,0,316800
AR,1984,0,0,316800
AR,1985,0,0,316800
AR,1986,0,0,316800
AR,1987,0,0,316800
AR,1988,0,0,316800
AR,1989,0,0,316800
AR,1990,0,0,316800
AR,1991,0,0,316800
AR,1992,0,0,316800
AR,1993,0,0,316800
AR,1994,0,0,316800
AR,1995,0,0,316800
AR,1996,0,0,316800
AR,1997,0,0,316800
AR,1998,0,0,316800
AR,1999,0,0,316800
AR,2000,0,0,316800
AR,2001,0,0,316800
AR,2002,0,0,316800
AR,2003,0,0,316800
AR,2004,0,0,316800
AR,2005,0,0,316800
AR,2006,0,0,316800
AR,2007,0,0,316800
AR,2008,0,0,316800
AR,2009,0,0,316800
AR,2010,0,0,316800
AR,2011,0,0,316800
AR,2012,0,0,316800
AR,2013,0,0,316800
AR,2014,0,0,316800
AR,2015,0,0,316800
AR,2016,0,0,316800
AR,2017,0,0,316800
AR,2018,0,0,316800
AR,2019,0,0,316800
AR,2020,0,0,316800
AR,2021,0,0,316800
AR,2022,0,0,316800
AZ,1973,0,0,13708.8
AZ,1974,0,0,13708.8
AZ,1975,0,0,13708.8
AZ,1976,0,0,13708.8
AZ,1977,0,0,13708.8
AZ,1978,0,0,13708.8
AZ,1979,0,0,13708.8
AZ,1980,0,0,13708.8
AZ,1981,0,0,13708.8
AZ,1982,0,0,13708.8
AZ,1983,0,0,13708.8
AZ,1984,0,0,13708.8
AZ,1985,0,0,13708.8
AZ,1986,0,0,13708.8
AZ,1987,0,0,13708.8
AZ,1988,0,0,13708.8
AZ,1989,0,0,13708.8
AZ,1990,0,0,13708.8
AZ,1991,0,0,13708.8
AZ,1992,0,0,13708.8
AZ,1993,0,0,13708.8
AZ,1994,0,0,13708.8
AZ,1995,0,0,13708.8
AZ,1996,0,0,13708.8
AZ,1997,0,0,13708.8
AZ,1998,0,0,13708.8
AZ,1999,0,0,13708.8
AZ,2000,0,0,13708.8
AZ,2001,0,0,13708.8
AZ,2002,0,0,13708.8
AZ,2003,0,0,13708.8
AZ,2004,0,0,13708.8
AZ,2005,0,0,13708.8
AZ,2006,0,0,13708.8
AZ,2007,0,0,13708.8
AZ,2008,0,0,13708.8
AZ,2009,0,0,13708.8
AZ,2010,0,0,13708.8
AZ,2011,0,0,13708.8
AZ,2012,13714.56,0,27423.36
AZ,2013,0,0,27423.36
AZ,2014,13708.8,0,41132.16
AZ,2015,0,0,41132.16
AZ,2016,0,0,41132.16
AZ,2017,0,0,41132.16
AZ,2018,0,0,41132.16
AZ,2019,384451.2,0,425583.36
AZ,2020,0,0,425583.36
AZ,2021,0,0,425583.36
AZ,2022,0,0,425583.36
CA,1973,0,0,1918.08
CA,1974,0,0,1918.08
CA,1975,0,0,1918.08
CA,1976,0,0,1918.08
CA,1977,0,0,1918.08
CA,1978,0,0,1918.08
CA,1979,0,0,1918.08
CA,1980,0,0,1918.08
CA,1981,0,0,1918.08
CA,1982,0,0,1918.08
CA,1983,0,0,1918.08
CA,1984,0,0,1918.08
CA,1985,0,0,1918.08
CA,1986,0,0,1918.08
CA,1987,0,0,1918.08
CA,1988,0,0,1918.08
CA,1989,0,0,1918.08
CA,1990,0,0,1918.08
CA,1991,0,0,1918.08
CA,1992,0,0,1918.08
CA,1993,0,0,1918.08
CA,1994,0,0,1918.08
CA,1995,0,0,1918.08
CA,1996,0,0,1918.08
CA,1997,0,0,1918.08
CA,1998,0,0,1918.08
CA,1999,0,0,1918.08
CA,2000,0,0,1918.08
CA,2001,0,0,1918.08
CA,2002,0,0,1918.08
CA,2003,0,0,1918.08
CA,2004,2954.88,0,4872.96
CA,2005,0,0,4872.96
CA,2006,420.48,0,5293.44
CA,2007,0,0,5293.44
CA,2008,1601.28,0,6894.72
CA,2009,1848.96,0,8743.68
CA,2010,0,0,8743.68
CA,2011,0,0,8743.68
CA,2012,2327.04,0,11070.72
CA,2013,961.92,0,12032.64
CA,2014,4216.32,0,16248.96
CA,2015,0,0,16248.96
CA,2016,8432.64,0,24681.6
CA,2017,0,0,24681.6
CA,2018,0,0,24681.6
CA,2019,0,0,24681.6
CA,2020,0,0,24681.6
CA,2021,0,0,24681.6
CA,2022,0,0,24681.6
CO,1973,0,0,0
CO,1974,0,0,0
CO,1975,0,0,0
CO,1976,0,0,0
CO,1977,0,0,0
CO,1978,0,0,0
CO,1979,0,0,0
CO,1980,0,0,0
CO,1981,0,0,0
CO,1982,0,0,0
CO,1983,0,0,0
CO,1984,0,0,0
CO,1985,0,0,0
CO,1986,0,0,0
CO,1987,0,0,0
CO,1988,0,0,0
CO,1989,0,0,0
CO,1990,0,0,0
CO,1991,0,0,0
CO,1992,0,0,0
CO,1993,0,0,0
CO,1994,0,0,0
CO,1995,0,0,0
CO,1996,0,0,0
CO,1997,0,0,0
CO,1998,0,0,0
CO,1999,0,0,0
CO,2000,0,0,0
CO,2001,0,0,0
CO,2002,0,0,0
CO,2003,0,0,0
CO,2004,0,0,0
CO,2005,0,0,0
CO,2006,0,0,0
CO,2007,0,0,0
CO,2008,0,0,0
CO,2009,0,0,0
CO,2010,0,0,0
CO,2011,0,0,0
CO,2012,0,0,0
CO,2013,0,0,0
CO,2014,0,0,0
CO,2015,0,0,0
CO,2016,0,0,0
CO,2017,0,0,0
CO,2018,0,0,0
CO,2019,0,0,0
CO,2020,0,0,0
CO,2021,0,0,0
CO,2022,0,0,0
CT,1973,0,0,4008960
CT,1974,6860.16000000015,0,4015820.16
CT,1975,0,0,4015820.16
CT,1976,0,0,4015820.16
CT,1977,0,0,4015820.16
CT,1978,0,0,4015820.16
CT,1979,0,0,4015820.16
CT,1980,0,0,4015820.16
CT,1981,0,0,4015820.16
CT,1982,0,0,4015820.16
CT,1983,0,0,4015820.16
CT,1984,0,0,4015820.16
CT,1985,0,0,4015820.16
CT,1986,0,0,4015820.16
CT,1987,0,0,4015820.16
CT,1988,0,0,4015820.16
CT,1989,0,0,4015820.16
CT,1990,0,0,4015820.16
CT,1991,0,0,4015820.16
CT,1992,0,0,4015820.16
CT,1993,0,0,4015820.16
CT,1994,0,0,4015820.16
CT,1995,0,0,4015820.16
CT,1996,0,0,4015820.16
CT,1997,0,0,4015820.16
CT,1998,0,0,4015820.16
CT,1999,0,0,4015820.16
CT,2000,0,0,4015820.16
CT,2001,0,0,4015820.16
CT,2002,0,0,4015820.16
CT,2003,0,0,4015820.16
CT,2004,0,0,4015820.16
CT,2005,0,0,4015820.16
CT,2006,0,0,4015820.16
CT,2007,2004480,0,6020300.16
CT,2008,0,0,6020300.16
CT,2009,0,0,6020300.16
CT,2010,0,0,6020300.16
CT,2011,0,0,6020300.16
CT,2012,0,0,6020300.16
CT,2013,0,0,6020300.16
CT,2014,0,0,6020300.16
CT,2015,0,0,6020300.16
CT,2016,0,0,6020300.16
CT,2017,0,0,6020300.16
CT,2018,0,0,6020300.16
CT,2019,0,0,6020300.16
CT,2020,0,0,6020300.16
CT,2021,0,0,6020300.16
CT,2022,0,0,6020300.16
DC,1973,0,0,0
DC,1974,0,0,0
DC,1975,0,0,0
DC,1976,0,0,0
DC,1977,0,0,0
DC,1978,0,0,0
DC,1979,0,0,0
DC,1980,0,0,0
DC,1981,0,0,0
DC,1982,0,0,0
DC,1983,0,0,0
DC,1984,0,0,0
DC,1985,0,0,0
DC,1986,0,0,0
DC,1987,0,0,0
DC,1988,0,0,0
DC,1989,0,0,0
DC,1990,0,0,0
DC,1991,0,0,0
DC,1992,0,0,0
DC,1993,0,0,0
DC,1994,0,0,0
DC,1995,0,0,0
DC,1996,0,0,0
DC,1997,0,0,0
DC,1998,0,0,0
DC,1999,0,0,0
DC,2000,0,0,0
DC,2001,0,0,0
DC,2002,0,0,0
DC,2003,0,0,0
DC,2004,0,0,0
DC,2005,0,0,0
DC,2006,0,0,0
DC,2007,0,0,0
DC,2008,0,0,0
DC,2009,0,0,0
DC,2010,0,0,0
DC,2011,0,0,0
DC,2012,0,0,0
DC,2013,0,0,0
DC,2014,0,0,0
DC,2015,0,0,0
DC,2016,0,0,0
DC,2017,0,0,0
DC,2018,0,0,0
DC,2019,0,0,0
DC,2020,0,0,0
DC,2021,0,0,0
DC,2022,0,0,0
DE,1973,0,0,417600
DE,1974,0,0,417600
DE,1975,0,0,417600
DE,1976,0,0,417600
DE,1977,0,0,417600
DE,1978,0,0,417600
DE,1979,0,0,417600
DE,1980,0,0,417600
DE,1981,0,0,417600
DE,1982,0,0,417600
DE,1983,0,0,417600
DE,1984,0,0,417600
DE,1985,0,0,417600
DE,1986,0,0,417600
DE,1987,0,0,417600
DE,1988,0,0,417600
DE,1989,0,0,417600
DE,1990,0,0,417600
DE,1991,0,0,417600
DE,1992,0,0,417600
DE,1993,0,0,417600
DE,1994,0,0,417600
DE,1995,0,0,417600
DE,1996,0,0,417600
DE,1997,0,0,417600
DE,1998,0,0,417600
DE,1999,0,0,417600
DE,2000,0,0,417600
DE,2001,0,0,417600
DE,2002,0,0,417600
DE,2003,0,0,417600
DE,2004,0,0,417600
DE,2005,0,0,417600
DE,2006,0,0,417600
DE,2007,0,0,417600
DE,2008,0,0,417600
DE,2009,0,0,417600
DE,2010,0,0,417600
DE,2011,0,0,417600
DE,2012,0,0,417600
DE,2013,0,0,417600
DE,2014,0,0,417600
DE,2015,0,0,417600
DE,2016,0,0,417600
DE,2017,0,0,417600
DE,2018,0,0,417600
DE,2019,0,0,417600
DE,2020,0,0,417600
DE,2021,0,0,417600
DE,2022,0,0,417600
FL,1973,0,0,0
FL,1974,0,0,0
FL,1975,0,0,0
FL,1976,0,0,0
FL,1977,0,0,0
FL,1978,0,0,0
FL,1979,0,0,0
FL,1980,0,0,0
FL,1981,0,0,0
FL,1982,0,0,0
FL,1983,0,0,0
FL,1984,0,0,0
FL,1985,0,0,0
FL,1986,0,0,0
FL,1987,0,0,0
FL,1988,0,0,0
FL,1989,0,0,0
FL,1990,0,0,0
FL,1991,0,0,0
FL,1992,0,0,0
FL,1993,0,0,0
FL,1994,0,0,0
FL,1995,0,0,0
FL,1996,0,0,0
FL,1997,0,0,0
FL,1998,0,0,0
FL,1999,0,0,0
FL,2000,0,0,0
FL,2001,0,0,0
FL,2002,0,0,0
FL,2003,0,0,0
FL,2004,0,0,0
FL,2005,0,0,0
FL,2006,0,0,0
FL,2007,0,0,0
FL,2008,0,0,0
FL,2009,0,0,0
FL,2010,0,0,0
FL,2011,0,0,0
FL,2012,0,0,0
FL,2013,0,0,0
FL,2014,0,0,0
FL,2015,0,0,0
FL,2016,37031.04,0,37031.04
FL,2017,0,0,37031.04
FL,2018,413625.6,0,450656.64
FL,2019,0,0,450656.64
FL,2020,0,0,450656.64
FL,2021,0,0,450656.64
FL,2022,313493.76,0,764150.4
GA,1973,0,0,4396608
GA,1974,835200,0,5231808
GA,1975,0,0,5231808
GA,1976,0,0,5231808
GA,1977,2592000,0,7823808
GA,1978,0,0,7823808
GA,1979,0,0,7823808
GA,1980,0,0,7823808
GA,1981,0,0,7823808
GA,1982,0,0,7823808
GA,1983,0,0,7823808
GA,1984,0,0,7823808
GA,1985,0,0,7823808
GA,1986,0,0,7823808
GA,1987,0,0,7823808
GA,1988,3456000,0,11279808
GA,1989,0,0,11279808
GA,1990,0,0,11279808
GA,1991,0,0,11279808
GA,1992,0,0,11279808
GA,1993,0,0,11279808
GA,1994,0,0,11279808
GA,1995,0,0,11279808
GA,1996,0,0,11279808
GA,1997,0,0,11279808
GA,1998,0,0,11279808
GA,1999,0,0,11279808
GA,2000,0,0,11279808
GA,2001,19872000,0,31151808
GA,2002,0,0,31151808
GA,2003,0,0,31151808
GA,2004,0,0,31151808
GA,2005,0,0,31151808
GA,2006,0,0,31151808
GA,2007,0,0,31151808
GA,2008,0,0,31151808
GA,2009,0,0,31151808
GA,2010,0,0,31151808
GA,2011,0,0,31151808
GA,2012,0,0,31151808
GA,2013,0,0,31151808
GA,2014,0,835200,30316608
GA,2015,0,0,30316608
GA,2016,0,0,30316608
GA,2017,0,0,30316608
GA,2018,0,134208,30182400
GA,2019,0,19872000,10310400
GA,2020,0,0,10310400
GA,2021,0,0,10310400
GA,2022,0,0,10310400
IA,1973,0,0,835200
IA,1974,0,0,835200
IA,1975,668160,0,1503360
IA,1976,1342080,0,2845440
IA,1977,0,0,2845440
IA,1978,3628800,0,6474240
IA,1979,0,0,6474240
IA,1980,0,0,6474240
IA,1981,0,0,6474240
IA,1982,0,0,6474240
IA,1983,0,0,6474240
IA,1984,0,0,6474240
IA,1985,0,0,6474240
IA,1986,0,0,6474240
IA,1987,0,0,6474240
IA,1988,0,0,6474240
IA,1989,0,0,6474240
IA,1990,0,0,6474240
IA,1991,0,0,6474240
IA,1992,0,0,6474240
IA,1993,0,0,6474240
IA,1994,0,0,6474240
IA,1995,0,0,6474240
IA,1996,0,0,6474240
IA,1997,0,0,6474240
IA,1998,0,0,6474240
IA,1999,0,0,6474240
IA,2000,0,0,6474240
IA,2001,0,0,6474240
IA,2002,0,0,6474240
IA,2003,0,0,6474240
IA,2004,0,0,6474240
IA,2005,0,0,6474240
IA,2006,0,0,6474240
IA,2007,0,0,6474240
IA,2008,0,0,6474240
IA,2009,0,0,6474240
IA,2010,0,0,6474240
IA,2011,0,0,6474240
IA,2012,0,0,6474240
IA,2013,0,0,6474240
IA,2014,0,0,6474240
IA,2015,0,0,6474240
IA,2016,0,0,6474240
IA,2017,0,0,6474240
IA,2018,0,0,6474240
IA,2019,9158.40000000037,0,6483398.4
IA,2020,0,0,6483398.4
IA,2021,0,0,6483398.4
IA,2022,0,0,6483398.4
ID,1973,0,0,0
ID,1974,1008000,0,1008000
ID,1975,0,0,1008000
ID,1976,0,0,1008000
ID,1977,0,0,1008000
ID,1978,0,0,1008000
ID,1979,0,0,1008000
ID,1980,0,0,1008000
ID,1981,0,0,1008000
ID,1982,0,0,1008000
ID,1983,0,0,1008000
ID,1984,0,0,1008000
ID,1985,0,0,1008000
ID,1986,0,0,1008000
ID,1987,0,0,1008000
ID,1988,0,0,1008000
ID,1989,0,0,1008000
ID,1990,0,0,1008000
ID,1991,0,0,1008000
ID,1992,0,0,1008000
ID,1993,0,0,1008000
ID,1994,0,0,1008000
ID,1995,0,0,1008000
ID,1996,0,0,1008000
ID,1997,0,0,1008000
ID,1998,0,0,1008000
ID,1999,0,0,1008000
ID,2000,0,0,1008000
ID,2001,0,0,1008000
ID,2002,0,0,1008000
ID,2003,0,0,1008000
ID,2004,0,0,1008000
ID,2005,0,0,1008000
ID,2006,9596.16000000003,0,1017596.16
ID,2007,0,0,1017596.16
ID,2008,0,0,1017596.16
ID,2009,0,0,1017596.16
ID,2010,0,0,1017596.16
ID,2011,0,0,1017596.16
ID,2012,0,0,1017596.16
ID,2013,0,0,1017596.16
ID,2014,0,0,1017596.16
ID,2015,0,0,1017596.16
ID,2016,0,0,1017596.16
ID,2017,0,0,1017596.16
ID,2018,0,0,1017596.16
ID,2019,0,0,1017596.16
ID,2020,0,0,1017596.16
ID,2021,0,0,1017596.16
ID,2022,0,0,1017596.16
IL,1973,0,0,3340800
IL,1974,0,0,3340800
IL,1975,0,0,3340800
IL,1976,0,0,3340800
IL,1977,0,0,3340800
IL,1978,0,0,3340800
IL,1979,0,0,3340800
IL,1980,0,0,3340800
IL,1981,0,0,3340800
IL,1982,0,0,3340800
IL,1983,0,0,3340800
IL,1984,0,0,3340800
IL,1985,0,0,3340800
IL,1986,0,0,3340800
IL,1987,0,0,3340800
IL,1988,0,0,3340800
IL,1989,0,0,3340800
IL,1990,0,0,3340800
IL,1991,0,0,3340800
IL,1992,0,0,3340800
IL,1993,0,0,3340800
IL,1994,0,0,3340800
IL,1995,0,0,3340800
IL,1996,0,0,3340800
IL,1997,0,0,3340800
IL,1998,0,0,3340800
IL,1999,0,0,3340800
IL,2000,0,0,3340800
IL,2001,0,0,3340800
IL,2002,0,0,3340800
IL,2003,0,0,3340800
IL,2004,0,0,3340800
IL,2005,0,0,3340800
IL,2006,0,0,3340800
IL,2007,0,0,3340800
IL,2008,0,0,3340800
IL,2009,0,0,3340800
IL,2010,0,0,3340800
IL,2011,0,0,3340800
IL,2012,0,0,3340800
IL,2013,0,0,3340800
IL,2014,0,0,3340800
IL,2015,0,0,3340800
IL,2016,0,0,3340800
IL,2017,0,0,3340800
IL,2018,0,0,3340800
IL,2019,0,0,3340800
IL,2020,0,0,3340800
IL,2021,0,0,3340800
IL,2022,0,0,3340800
IN,1973,668160,0,2338560
IN,1974,6681600,0,9020160
IN,1975,0,0,9020160
IN,1976,0,0,9020160
IN,1977,0,0,9020160
IN,1978,0,0,9020160
IN,1979,0,0,9020160
IN,1980,0,0,9020160
IN,1981,0,0,9020160
IN,1982,0,0,9020160
IN,1983,0,0,9020160
IN,1984,0,0,9020160
IN,1985,0,0,9020160
IN,1986,0,0,9020160
IN,1987,0,0,9020160
IN,1988,0,0,9020160
IN,1989,0,0,9020160
IN,1990,0,0,9020160
IN,1991,1670400,0,10690560
IN,1992,0,0,10690560
IN,1993,0,0,10690560
IN,1994,0,0,10690560
IN,1995,0,0,10690560
IN,1996,0,0,10690560
IN,1997,0,0,10690560
IN,1998,0,0,10690560
IN,1999,0,0,10690560
IN,2000,0,0,10690560
IN,2001,0,0,10690560
IN,2002,0,0,10690560
IN,2003,0,0,10690560
IN,2004,0,0,10690560
IN,2005,0,0,10690560
IN,2006,0,0,10690560
IN,2007,0,0,10690560
IN,2008,0,0,10690560
IN,2009,0,0,10690560
IN,2010,0,0,10690560
IN,2011,0,0,10690560
IN,2012,0,0,10690560
IN,2013,0,668160,10022400
IN,2014,0,0,10022400
IN,2015,1670400,0,11692800
IN,2016,0,1670400,10022400
IN,2017,0,0,10022400
IN,2018,0,0,10022400
IN,2019,0,0,10022400
IN,2020,0,0,10022400
IN,2021,0,0,10022400
IN,2022,0,0,10022400
KS,1973,0,0,0
KS,1974,0,0,0
KS,1975,0,0,0
KS,1976,0,0,0
KS,1977,0,0,0
KS,1978,0,0,0
KS,1979,0,0,0
KS,1980,0,0,0
KS,1981,0,0,0
KS,1982,0,0,0
KS,1983,0,0,0
KS,1984,0,0,0
KS,1985,0,0,0
KS,1986,0,0,0
KS,1987,0,0,0
KS,1988,0,0,0
KS,1989,0,0,0
KS,1990,0,0,0
KS,1991,0,0,0
KS,1992,0,0,0
KS,1993,0,0,0
KS,1994,0,0,0
KS,1995,0,0,0
KS,1996,0,0,0
KS,1997,0,0,0
KS,1998,0,0,0
KS,1999,0,0,0
KS,2000,0,0,0
KS,2001,0,0,0
KS,2002,0,0,0
KS,2003,0,0,0
KS,2004,0,0,0
KS,2005,0,0,0
KS,2006,0,0,0
KS,2007,0,0,0
KS,2008,0,0,0
KS,2009,0,0,0
KS,2010,0,0,0
KS,2011,0,0,0
KS,2012,0,0,0
KS,2013,0,0,0
KS,2014,0,0,0
KS,2015,0,0,0
KS,2016,0,0,0
KS,2017,0,0,0
KS,2018,0,0,0
KS,2019,0,0,0
KS,2020,0,0,0
KS,2021,0,0,0
KS,2022,0,0,0
KY,1973,0,0,0
KY,1974,0,0,0
KY,1975,0,0,0
KY,1976,0,0,0
KY,1977,0,0,0
KY,1978,0,0,0
KY,1979,0,0,0
KY,1980,0,0,0
KY,1981,0,0,0
KY,1982,0,0,0
KY,1983,0,0,0
KY,1984,0,0,0
KY,1985,0,0,0
KY,1986,0,0,0
KY,1987,0,0,0
KY,1988,0,0,0
KY,1989,0,0,0
KY,1990,0,0,0
KY,1991,0,0,0
KY,1992,0,0,0
KY,1993,0,0,0
KY,1994,0,0,0
KY,1995,0,0,0
KY,1996,0,0,0
KY,1997,0,0,0
KY,1998,0,0,0
KY,1999,0,0,0
KY,2000,0,0,0
KY,2001,0,0,0
KY,2002,0,0,0
KY,2003,0,0,0
KY,2004,0,0,0
KY,2005,0,0,0
KY,2006,0,0,0
KY,2007,0,0,0
KY,2008,0,0,0
KY,2009,0,0,0
KY,2010,0,0,0
KY,2011,0,0,0
KY,2012,0,0,0
KY,2013,0,0,0
KY,2014,0,0,0
KY,2015,0,0,0
KY,2016,0,0,0
KY,2017,0,0,0
KY,2018,0,0,0
KY,2019,0,0,0
KY,2020,0,0,0
KY,2021,0,0,0
KY,2022,0,0,0
LA,1973,0,0,0
LA,1974,0,0,0
LA,1975,0,0,0
LA,1976,0,0,0
LA,1977,0,0,0
LA,1978,0,0,0
LA,1979,0,0,0
LA,1980,0,0,0
LA,1981,0,0,0
LA,1982,15552000,0,15552000
LA,1983,0,0,15552000
LA,1984,0,0,15552000
LA,1985,0,0,15552000
LA,1986,0,0,15552000
LA,1987,0,0,15552000
LA,1988,0,0,15552000
LA,1989,0,0,15552000
LA,1990,0,0,15552000
LA,1991,0,0,15552000
LA,1992,0,0,15552000
LA,1993,0,0,15552000
LA,1994,0,0,15552000
LA,1995,0,0,15552000
LA,1996,0,0,15552000
LA,1997,0,0,15552000
LA,1998,0,0,15552000
LA,1999,0,0,15552000
LA,2000,0,0,15552000
LA,2001,0,0,15552000
LA,2002,0,0,15552000
LA,2003,0,0,15552000
LA,2004,0,0,15552000
LA,2005,0,0,15552000
LA,2006,0,0,15552000
LA,2007,0,0,15552000
LA,2008,28983450.24,0,44535450.24
LA,2009,18381254.4,0,62916704.64
LA,2010,0,47364704.64,15552000
LA,2011,0,0,15552000
LA,2012,0,0,15552000
LA,2013,0,0,15552000
LA,2014,0,0,15552000
LA,2015,0,0,15552000
LA,2016,0,0,15552000
LA,2017,0,0,15552000
LA,2018,18394968.68352,0,33946968.68352
LA,2019,0,18381254.4,15565714.28352
LA,2020,0,0,15565714.28352
LA,2021,0.276480000466108,0,15565714.56
LA,2022,0,0,15565714.56
MA,1973,0,0,22286799.36
MA,1974,148262.399999999,0,22435061.76
MA,1975,288000,0,22723061.76
MA,1976,0,0,22723061.76
MA,1977,0,0,22723061.76
MA,1978,0,0,22723061.76
MA,1979,0,0,22723061.76
MA,1980,0,0,22723061.76
MA,1981,0,0,22723061.76
MA,1982,0,0,22723061.76
MA,1983,0,0,22723061.76
MA,1984,0,0,22723061.76
MA,1985,0,0,22723061.76
MA,1986,0,0,22723061.76
MA,1987,0,0,22723061.76
MA,1988,0,0,22723061.76
MA,1989,0,0,22723061.76
MA,1990,0,0,22723061.76
MA,1991,0,0,22723061.76
MA,1992,0,0,22723061.76
MA,1993,0,0,22723061.76
MA,1994,0,0,22723061.76
MA,1995,0,0,22723061.76
MA,1996,0,0,22723061.76
MA,1997,0,0,22723061.76
MA,1998,0,0,22723061.76
MA,1999,0,0,22723061.76
MA,2000,19203.8399999999,0,22742265.6
MA,2001,0,0,22742265.6
MA,2002,0,0,22742265.6
MA,2003,0,0,22742265.6
MA,2004,0,0,22742265.6
MA,2005,0,0,22742265.6
MA,2006,0,0,22742265.6
MA,2007,0,0,22742265.6
MA,2008,0,0,22742265.6
MA,2009,0,0,22742265.6
MA,2010,0.00000000372529029846191,0,22742265.6
MA,2011,0,126720,22615545.6
MA,2012,0,0,22615545.6
MA,2013,0,0,22615545.6
MA,2014,0,6998.40000000224,22608547.2
MA,2015,0,0,22608547.2
MA,2016,51840,0,22660387.2
MA,2017,115.199999999255,0,22660502.4
MA,2018,0,0,22660502.4
MA,2019,0,0,22660502.4
MA,2020,0,0,22660502.4
MA,2021,0,0,22660502.4
MA,2022,0,0,22660502.4
MD,1973,0,0,1670400
MD,1974,0,0,1670400
MD,1975,0,0,1670400
MD,1976,0,0,1670400
MD,1977,0,0,1670400
MD,1978,25056000,0,26726400
MD,1979,0,0,26726400
MD,1980,0,0,26726400
MD,1981,0,0,26726400
MD,1982,0,0,26726400
MD,1983,0,0,26726400
MD,1984,0,0,26726400
MD,1985,0,0,26726400
MD,1986,0,0,26726400
MD,1987,0,0,26726400
MD,1988,0,0,26726400
MD,1989,0,0,26726400
MD,1990,0,0,26726400
MD,1991,0,0,26726400
MD,1992,0,0,26726400
MD,1993,0,0,26726400
MD,1994,0,0,26726400
MD,1995,0,0,26726400
MD,1996,0,0,26726400
MD,1997,0,0,26726400
MD,1998,0,0,26726400
MD,1999,0,0,26726400
MD,2000,9601.92000000179,0,26736001.92
MD,2001,0,0,26736001.92
MD,2002,0,0,26736001.92
MD,2003,0,0,26736001.92
MD,2004,0,0,26736001.92
MD,2005,0,0,26736001.92
MD,2006,0,0,26736001.92
MD,2007,0,0,26736001.92
MD,2008,0,0,26736001.92
MD,2009,0,0,26736001.92
MD,2010,0,0,26736001.92
MD,2011,0,0,26736001.92
MD,2012,0,0,26736001.92
MD,2013,0,0,26736001.92
MD,2014,0,0,26736001.92
MD,2015,0,0,26736001.92
MD,2016,0,9601.92000000179,26726400
MD,2017,0,0,26726400
MD,2018,0,0,26726400
MD,2019,0,25056000,1670400
MD,2020,0,0,1670400
MD,2021,0,0,1670400
MD,2022,0,0,1670400
ME,1973,0,0,20367.36
ME,1974,0,0,20367.36
ME,1975,0,0,20367.36
ME,1976,0,0,20367.36
ME,1977,0,0,20367.36
ME,1978,0,0,20367.36
ME,1979,0,0,20367.36
ME,1980,0,0,20367.36
ME,1981,0,0,20367.36
ME,1982,0,0,20367.36
ME,1983,0,0,20367.36
ME,1984,0,0,20367.36
ME,1985,0,0,20367.36
ME,1986,0,0,20367.36
ME,1987,0,0,20367.36
ME,1988,0,0,20367.36
ME,1989,0,0,20367.36
ME,1990,0,0,20367.36
ME,1991,0,0,20367.36
ME,1992,0,0,20367.36
ME,1993,0,0,20367.36
ME,1994,0,0,20367.36
ME,1995,0,0,20367.36
ME,1996,0,0,20367.36
ME,1997,0,0,20367.36
ME,1998,0,0,20367.36
ME,1999,0,0,20367.36
ME,2000,0,0,20367.36
ME,2001,0,0,20367.36
ME,2002,0,0,20367.36
ME,2003,0,0,20367.36
ME,2004,0,0,20367.36
ME,2005,0,0,20367.36
ME,2006,0,0,20367.36
ME,2007,0,0,20367.36
ME,2008,0,0,20367.36
ME,2009,0,0,20367.36
ME,2010,0,0,20367.36
ME,2011,0,0,20367.36
ME,2012,0,0,20367.36
ME,2013,0,0,20367.36
ME,2014,0,0,20367.36
ME,2015,0,0,20367.36
ME,2016,0,0,20367.36
ME,2017,0,0,20367.36
ME,2018,0,0,20367.36
ME,2019,0,0,20367.36
ME,2020,0,0,20367.36
ME,2021,0,0,20367.36
ME,2022,0,0,20367.36
MI,1973,0,0,0
MI,1974,0,0,0
MI,1975,0,0,0
MI,1976,0,0,0
MI,1977,0,0,0
MI,1978,0,0,0
MI,1979,0,0,0
MI,1980,0,0,0
MI,1981,0,0,0
MI,1982,0,0,0
MI,1983,0,0,0
MI,1984,0,0,0
MI,1985,0,0,0
MI,1986,0,0,0
MI,1987,0,0,0
MI,1988,0,0,0
MI,1989,0,0,0
MI,1990,0,0,0
MI,1991,0,0,0
MI,1992,0,0,0
MI,1993,0,0,0
MI,1994,0,0,0
MI,1995,0,0,0
MI,1996,0,0,0
MI,1997,0,0,0
MI,1998,0,0,0
MI,1999,0,0,0
MI,2000,0,0,0
MI,2001,0,0,0
MI,2002,0,0,0
MI,2003,0,0,0
MI,2004,0,0,0
MI,2005,0,0,0
MI,2006,0,0,0
MI,2007,0,0,0
MI,2008,0,0,0
MI,2009,0,0,0
MI,2010,0,0,0
MI,2011,0,0,0
MI,2012,0,0,0
MI,2013,0,0,0
MI,2014,0,0,0
MI,2015,0,0,0
MI,2016,0,0,0
MI,2017,0,0,0
MI,2018,0,0,0
MI,2019,0,0,0
MI,2020,0,0,0
MI,2021,0,0,0
MI,2022,0,0,0
MN,1973,0,0,0
MN,1974,0,0,0
MN,1975,8801280,0,8801280
MN,1976,0,0,8801280
MN,1977,0,0,8801280
MN,1978,0,0,8801280
MN,1979,0,0,8801280
MN,1980,0,0,8801280
MN,1981,0,0,8801280
MN,1982,0,0,8801280
MN,1983,0,0,8801280
MN,1984,0,0,8801280
MN,1985,0,0,8801280
MN,1986,0,0,8801280
MN,1987,0,0,8801280
MN,1988,0,0,8801280
MN,1989,0,0,8801280
MN,1990,0,0,8801280
MN,1991,0,0,8801280
MN,1992,0,0,8801280
MN,1993,0,0,8801280
MN,1994,0,0,8801280
MN,1995,0,0,8801280
MN,1996,0,0,8801280
MN,1997,0,0,8801280
MN,1998,0,0,8801280
MN,1999,0,0,8801280
MN,2000,0,0,8801280
MN,2001,0,0,8801280
MN,2002,0,0,8801280
MN,2003,0,0,8801280
MN,2004,0,0,8801280
MN,2005,0,0,8801280
MN,2006,0,0,8801280
MN,2007,0,0,8801280
MN,2008,0,0,8801280
MN,2009,0,0,8801280
MN,2010,0,0,8801280
MN,2011,0,0,8801280
MN,2012,0,0,8801280
MN,2013,0,0,8801280
MN,2014,0,0,8801280
MN,2015,0,0,8801280
MN,2016,0,0,8801280
MN,2017,0,0,8801280
MN,2018,0,0,8801280
MN,2019,0,0,8801280
MN,2020,0,0,8801280
MN,2021,0,0,8801280
MN,2022,0,0,8801280
MO,1973,0,0,0
MO,1974,0,0,0
MO,1975,0,0,0
MO,1976,0,0,0
MO,1977,0,0,0
MO,1978,0,0,0
MO,1979,0,0,0
MO,1980,0,0,0
MO,1981,0,0,0
MO,1982,0,0,0
MO,1983,0,0,0
MO,1984,0,0,0
MO,1985,0,0,0
MO,1986,0,0,0
MO,1987,0,0,0
MO,1988,0,0,0
MO,1989,0,0,0
MO,1990,0,0,0
MO,1991,0,0,0
MO,1992,0,0,0
MO,1993,0,0,0
MO,1994,0,0,0
MO,1995,0,0,0
MO,1996,0,0,0
MO,1997,0,0,0
MO,1998,0,0,0
MO,1999,0,0,0
MO,2000,0,0,0
MO,2001,0,0,0
MO,2002,0,0,0
MO,2003,0,0,0
MO,2004,0,0,0
MO,2005,0,0,0
MO,2006,0,0,0
MO,2007,0,0,0
MO,2008,0,0,0
MO,2009,0,0,0
MO,2010,0,0,0
MO,2011,0,0,0
MO,2012,0,0,0
MO,2013,0,0,0
MO,2014,0,0,0
MO,2015,0,0,0
MO,2016,0,0,0
MO,2017,0,0,0
MO,2018,0,0,0
MO,2019,0,0,0
MO,2020,0,0,0
MO,2021,0,0,0
MO,2022,0,0,0
MS,1973,0,0,0
MS,1974,0,0,0
MS,1975,0,0,0
MS,1976,0,0,0
MS,1977,0,0,0
MS,1978,0,0,0
MS,1979,0,0,0
MS,1980,0,0,0
MS,1981,0,0,0
MS,1982,0,0,0
MS,1983,0,0,0
MS,1984,0,0,0
MS,1985,0,0,0
MS,1986,0,0,0
MS,1987,0,0,0
MS,1988,0,0,0
MS,1989,0,0,0
MS,1990,0,0,0
MS,1991,0,0,0
MS,1992,0,0,0
MS,1993,0,0,0
MS,1994,0,0,0
MS,1995,0,0,0
MS,1996,0,0,0
MS,1997,0,0,0
MS,1998,0,0,0
MS,1999,0,0,0
MS,2000,0,0,0
MS,2001,0,0,0
MS,2002,0,0,0
MS,2003,0,0,0
MS,2004,0,0,0
MS,2005,0,0,0
MS,2006,0,0,0
MS,2007,0,0,0
MS,2008,0,0,0
MS,2009,0,0,0
MS,2010,0,0,0
MS,2011,11520000,0,11520000
MS,2012,0,0,11520000
MS,2013,0,0,11520000
MS,2014,0,0,11520000
MS,2015,0,0,11520000
MS,2016,0,0,11520000
MS,2017,0,0,11520000
MS,2018,0,0,11520000
MS,2019,0,0,11520000
MS,2020,0,0,11520000
MS,2021,0,0,11520000
MS,2022,0,0,11520000
MT,1973,0,0,0
MT,1974,0,0,0
MT,1975,0,0,0
MT,1976,0,0,0
MT,1977,0,0,0
MT,1978,0,0,0
MT,1979,0,0,0
MT,1980,0,0,0
MT,1981,0,0,0
MT,1982,0,0,0
MT,1983,0,0,0
MT,1984,0,0,0
MT,1985,0,0,0
MT,1986,0,0,0
MT,1987,0,0,0
MT,1988,0,0,0
MT,1989,0,0,0
MT,1990,0,0,0
MT,1991,0,0,0
MT,1992,0,0,0
MT,1993,0,0,0
MT,1994,0,0,0
MT,1995,7545.6,0,7545.6
MT,1996,0,0,7545.6
MT,1997,0,0,7545.6
MT,1998,0,0,7545.6
MT,1999,0,0,7545.6
MT,2000,0,0,7545.6
MT,2001,0,0,7545.6
MT,2002,0,0,7545.6
MT,2003,0,0,7545.6
MT,2004,0,0,7545.6
MT,2005,0,0,7545.6
MT,2006,0,0,7545.6
MT,2007,0,0,7545.6
MT,2008,0,0,7545.6
MT,2009,0,0,7545.6
MT,2010,0,0,7545.6
MT,2011,0,0,7545.6
MT,2012,0,0,7545.6
MT,2013,0,0,7545.6
MT,2014,0,0,7545.6
MT,2015,0,0,7545.6
MT,2016,0,0,7545.6
MT,2017,0,0,7545.6
MT,2018,0,0,7545.6
MT,2019,0,0,7545.6
MT,2020,0,0,7545.6
MT,2021,0,0,7545.6
MT,2022,0,0,7545.6
NC,1973,1670400,0,1670400
NC,1974,0,0,1670400
NC,1975,0,0,1670400
NC,1976,1670400,0,3340800
NC,1977,0,0,3340800
NC,1978,0,0,3340800
NC,1979,0,0,3340800
NC,1980,0,0,3340800
NC,1981,0,0,3340800
NC,1982,0,0,3340800
NC,1983,0,0,3340800
NC,1984,0,0,3340800
NC,1985,0,0,3340800
NC,1986,1670400,0,5011200
NC,1987,0,0,5011200
NC,1988,0,0,5011200
NC,1989,0,0,5011200
NC,1990,0,0,5011200
NC,1991,0,0,5011200
NC,1992,0,0,5011200
NC,1993,0,0,5011200
NC,1994,0,0,5011200
NC,1995,0,0,5011200
NC,1996,0,0,5011200
NC,1997,27429.1200000001,0,5038629.12
NC,1998,0,0,5038629.12
NC,1999,6681600,0,11720229.12
NC,2000,0,0,11720229.12
NC,2001,0,0,11720229.12
NC,2002,0,0,11720229.12
NC,2003,0,0,11720229.12
NC,2004,0,0,11720229.12
NC,2005,0,0,11720229.12
NC,2006,0,0,11720229.12
NC,2007,0,0,11720229.12
NC,2008,0,0,11720229.12
NC,2009,0,0,11720229.12
NC,2010,0,0,11720229.12
NC,2011,0,0,11720229.12
NC,2012,0,0,11720229.12
NC,2013,0,0,11720229.12
NC,2014,0,0,11720229.12
NC,2015,13714.5600000005,0,11733943.68
NC,2016,0,0,11733943.68
NC,2017,0,0,11733943.68
NC,2018,0,0,11733943.68
NC,2019,0,0,11733943.68
NC,2020,9284.54399999976,0,11743228.224
NC,2021,1670400,0,13413628.224
NC,2022,0,0,13413628.224
ND,1973,0,0,0
ND,1974,0,0,0
ND,1975,0,0,0
ND,1976,0,0,0
ND,1977,0,0,0
ND,1978,0,0,0
ND,1979,0,0,0
ND,1980,0,0,0
ND,1981,0,0,0
ND,1982,0,0,0
ND,1983,0,0,0
ND,1984,0,0,0
ND,1985,0,0,0
ND,1986,0,0,0
ND,1987,0,0,0
ND,1988,0,0,0
ND,1989,0,0,0
ND,1990,0,0,0
ND,1991,0,0,0
ND,1992,0,0,0
ND,1993,0,0,0
ND,1994,0,0,0
ND,1995,0,0,0
ND,1996,0,0,0
ND,1997,0,0,0
ND,1998,0,0,0
ND,1999,0,0,0
ND,2000,0,0,0
ND,2001,0,0,0
ND,2002,0,0,0
ND,2003,0,0,0
ND,2004,0,0,0
ND,2005,0,0,0
ND,2006,0,0,0
ND,2007,0,0,0
ND,2008,0,0,0
ND,2009,0,0,0
ND,2010,0,0,0
ND,2011,0,0,0
ND,2012,0,0,0
ND,2013,0,0,0
ND,2014,0,0,0
ND,2015,0,0,0
ND,2016,0,0,0
ND,2017,16456.32,0,16456.32
ND,2018,0,0,16456.32
ND,2019,0,0,16456.32
ND,2020,0,13714.56,2741.76
ND,2021,0,0,2741.76
ND,2022,0,0,2741.76
NE,1973,0,0,1670400
NE,1974,0,0,1670400
NE,1975,0,0,1670400
NE,1976,0,0,1670400
NE,1977,0,0,1670400
NE,1978,0,0,1670400
NE,1979,0,0,1670400
NE,1980,0,0,1670400
NE,1981,0,0,1670400
NE,1982,0,0,1670400
NE,1983,0,0,1670400
NE,1984,0,0,1670400
NE,1985,0,0,1670400
NE,1986,0,0,1670400
NE,1987,0,0,1670400
NE,1988,0,0,1670400
NE,1989,0,0,1670400
NE,1990,0,0,1670400
NE,1991,0,0,1670400
NE,1992,0,0,1670400
NE,1993,0,0,1670400
NE,1994,0,0,1670400
NE,1995,0,0,1670400
NE,1996,0,0,1670400
NE,1997,0,0,1670400
NE,1998,0,0,1670400
NE,1999,0,0,1670400
NE,2000,0,0,1670400
NE,2001,0,0,1670400
NE,2002,0,0,1670400
NE,2003,0,0,1670400
NE,2004,0,0,1670400
NE,2005,0,0,1670400
NE,2006,0,0,1670400
NE,2007,0,0,1670400
NE,2008,0,0,1670400
NE,2009,0,0,1670400
NE,2010,0,0,1670400
NE,2011,0,0,1670400
NE,2012,0,0,1670400
NE,2013,0,0,1670400
NE,2014,0,0,1670400
NE,2015,0,0,1670400
NE,2016,0,0,1670400
NE,2017,0,0,1670400
NE,2018,0,0,1670400
NE,2019,0,0,1670400
NE,2020,0,0,1670400
NE,2021,0,0,1670400
NE,2022,13075.2,0,1683475.2
NH,1973,6998.4,0,13996.8
NH,1974,6998.4,0,20995.2
NH,1975,0,0,20995.2
NH,1976,0,0,20995.2
NH,1977,0,0,20995.2
NH,1978,0,0,20995.2
NH,1979,0,0,20995.2
NH,1980,0,0,20995.2
NH,1981,0,0,20995.2
NH,1982,0,0,20995.2
NH,1983,0,0,20995.2
NH,1984,0,0,20995.2
NH,1985,0,0,20995.2
NH,1986,0,0,20995.2
NH,1987,0,0,20995.2
NH,1988,0,0,20995.2
NH,1989,0,0,20995.2
NH,1990,0,0,20995.2
NH,1991,0,0,20995.2
NH,1992,0,0,20995.2
NH,1993,0,0,20995.2
NH,1994,0,0,20995.2
NH,1995,0,0,20995.2
NH,1996,0,0,20995.2
NH,1997,0,0,20995.2
NH,1998,0,0,20995.2
NH,1999,0,0,20995.2
NH,2000,0,0,20995.2
NH,2001,0,0,20995.2
NH,2002,0,0,20995.2
NH,2003,0,0,20995.2
NH,2004,0,0,20995.2
NH,2005,0,0,20995.2
NH,2006,0,0,20995.2
NH,2007,0,0,20995.2
NH,2008,0,0,20995.2
NH,2009,0,0,20995.2
NH,2010,0,0,20995.2
NH,2011,0,0,20995.2
NH,2012,0,0,20995.2
NH,2013,806.400000000001,0,21801.6
NH,2014,0,0,21801.6
NH,2015,0,0,21801.6
NH,2016,0,0,21801.6
NH,2017,0,0,21801.6
NH,2018,0,0,21801.6
NH,2019,0,0,21801.6
NH,2020,0,0,21801.6
NH,2021,0,0,21801.6
NH,2022,0,0,21801.6
NJ,1973,2020608,0,3593088
NJ,1974,0,0,3593088
NJ,1975,0,0,3593088
NJ,1976,0,0,3593088
NJ,1977,0,0,3593088
NJ,1978,0,0,3593088
NJ,1979,0,0,3593088
NJ,1980,0,0,3593088
NJ,1981,0,0,3593088
NJ,1982,0,0,3593088
NJ,1983,0,0,3593088
NJ,1984,0,0,3593088
NJ,1985,0,0,3593088
NJ,1986,0,0,3593088
NJ,1987,0,0,3593088
NJ,1988,0,0,3593088
NJ,1989,0,0,3593088
NJ,1990,0,0,3593088
NJ,1991,0,0,3593088
NJ,1992,0,0,3593088
NJ,1993,0,0,3593088
NJ,1994,0,0,3593088
NJ,1995,0,0,3593088
NJ,1996,0,0,3593088
NJ,1997,0,0,3593088
NJ,1998,0,0,3593088
NJ,1999,0,0,3593088
NJ,2000,0,0,3593088
NJ,2001,0,0,3593088
NJ,2002,0,0,3593088
NJ,2003,0,0,3593088
NJ,2004,0,0,3593088
NJ,2005,0,0,3593088
NJ,2006,0,0,3593088
NJ,2007,0,0,3593088
NJ,2008,0,0,3593088
NJ,2009,0,0,3593088
NJ,2010,0,0,3593088
NJ,2011,3006720,0,6599808
NJ,2012,0,3237120,3362688
NJ,2013,0,0,3362688
NJ,2014,0,0,3362688
NJ,2015,0,0,3362688
NJ,2016,0,0,3362688
NJ,2017,3006720,0,6369408
NJ,2018,0,0,6369408
NJ,2019,0,0,6369408
NJ,2020,0,0,6369408
NJ,2021,0,0,6369408
NJ,2022,0,0,6369408
NM,1973,0,0,0
NM,1974,0,0,0
NM,1975,0,0,0
NM,1976,0,0,0
NM,1977,0,0,0
NM,1978,0,0,0
NM,1979,0,0,0
NM,1980,0,0,0
NM,1981,0,0,0
NM,1982,0,0,0
NM,1983,0,0,0
NM,1984,0,0,0
NM,1985,0,0,0
NM,1986,0,0,0
NM,1987,0,0,0
NM,1988,0,0,0
NM,1989,0,0,0
NM,1990,0,0,0
NM,1991,0,0,0
NM,1992,0,0,0
NM,1993,0,0,0
NM,1994,0,0,0
NM,1995,0,0,0
NM,1996,0,0,0
NM,1997,0,0,0
NM,1998,0,0,0
NM,1999,0,0,0
NM,2000,0,0,0
NM,2001,0,0,0
NM,2002,0,0,0
NM,2003,0,0,0
NM,2004,0,0,0
NM,2005,0,0,0
NM,2006,0,0,0
NM,2007,0,0,0
NM,2008,0,0,0
NM,2009,0,0,0
NM,2010,0,0,0
NM,2011,0,0,0
NM,2012,0,0,0
NM,2013,0,0,0
NM,2014,0,0,0
NM,2015,0,0,0
NM,2016,0,0,0
NM,2017,0,0,0
NM,2018,0,0,0
NM,2019,0,0,0
NM,2020,0,0,0
NM,2021,0,0,0
NM,2022,0,0,0
NV,1973,0,0,0
NV,1974,0,0,0
NV,1975,0,0,0
NV,1976,0,0,0
NV,1977,0,0,0
NV,1978,0,0,0
NV,1979,0,0,0
NV,1980,0,0,0
NV,1981,0,0,0
NV,1982,1670400,0,1670400
NV,1983,0,0,1670400
NV,1984,0,0,1670400
NV,1985,0,0,1670400
NV,1986,0,0,1670400
NV,1987,0,0,1670400
NV,1988,0,0,1670400
NV,1989,0,0,1670400
NV,1990,0,0,1670400
NV,1991,0,0,1670400
NV,1992,0,0,1670400
NV,1993,0,0,1670400
NV,1994,0,0,1670400
NV,1995,0,0,1670400
NV,1996,0,0,1670400
NV,1997,0,0,1670400
NV,1998,0,0,1670400
NV,1999,0,0,1670400
NV,2000,0,0,1670400
NV,2001,0,0,1670400
NV,2002,0,0,1670400
NV,2003,0,0,1670400
NV,2004,0,0,1670400
NV,2005,0,0,1670400
NV,2006,0,0,1670400
NV,2007,0,0,1670400
NV,2008,0,0,1670400
NV,2009,0,0,1670400
NV,2010,0,0,1670400
NV,2011,0,0,1670400
NV,2012,0,0,1670400
NV,2013,0,0,1670400
NV,2014,0,0,1670400
NV,2015,0,0,1670400
NV,2016,0,0,1670400
NV,2017,0,0,1670400
NV,2018,0,0,1670400
NV,2019,0,0,1670400
NV,2020,0,0,1670400
NV,2021,0,0,1670400
NV,2022,0,0,1670400
NY,1973,0,0,3663959.04
NY,1974,1670400,0,5334359.04
NY,1975,0,0,5334359.04
NY,1976,0,0,5334359.04
NY,1977,0,0,5334359.04
NY,1978,0,0,5334359.04
NY,1979,0,0,5334359.04
NY,1980,0,0,5334359.04
NY,1981,0,0,5334359.04
NY,1982,0,0,5334359.04
NY,1983,0,0,5334359.04
NY,1984,0,0,5334359.04
NY,1985,0,0,5334359.04
NY,1986,0,0,5334359.04
NY,1987,0,0,5334359.04
NY,1988,0,0,5334359.04
NY,1989,0,0,5334359.04
NY,1990,0,0,5334359.04
NY,1991,0,0,5334359.04
NY,1992,0,0,5334359.04
NY,1993,0,0,5334359.04
NY,1994,0,0,5334359.04
NY,1995,0,0,5334359.04
NY,1996,0,0,5334359.04
NY,1997,0,0,5334359.04
NY,1998,0,0,5334359.04
NY,1999,0,0,5334359.04
NY,2000,0,0,5334359.04
NY,2001,0,0,5334359.04
NY,2002,0,0,5334359.04
NY,2003,0,0,5334359.04
NY,2004,0,0,5334359.04
NY,2005,0,0,5334359.04
NY,2006,0,0,5334359.04
NY,2007,0,0,5334359.04
NY,2008,0,0,5334359.04
NY,2009,0,0,5334359.04
NY,2010,0,0,5334359.04
NY,2011,0,0,5334359.04
NY,2012,0,0,5334359.04
NY,2013,0,0,5334359.04
NY,2014,0,0,5334359.04
NY,2015,0,0,5334359.04
NY,2016,0,0,5334359.04
NY,2017,22440.96,0,5356800
NY,2018,0,0,5356800
NY,2019,0,0,5356800
NY,2020,0,0,5356800
NY,2021,0,0,5356800
NY,2022,0,0,5356800
OH,1973,0,0,0
OH,1974,0,0,0
OH,1975,0,0,0
OH,1976,0,0,0
OH,1977,0,0,0
OH,1978,0,0,0
OH,1979,0,0,0
OH,1980,0,0,0
OH,1981,0,0,0
OH,1982,0,0,0
OH,1983,0,0,0
OH,1984,0,0,0
OH,1985,0,0,0
OH,1986,0,0,0
OH,1987,0,0,0
OH,1988,0,0,0
OH,1989,0,0,0
OH,1990,0,0,0
OH,1991,0,0,0
OH,1992,0,0,0
OH,1993,0,0,0
OH,1994,0,0,0
OH,1995,0,0,0
OH,1996,0,0,0
OH,1997,0,0,0
OH,1998,0,0,0
OH,1999,0,0,0
OH,2000,0,0,0
OH,2001,0,0,0
OH,2002,0,0,0
OH,2003,0,0,0
OH,2004,0,0,0
OH,2005,0,0,0
OH,2006,0,0,0
OH,2007,0,0,0
OH,2008,0,0,0
OH,2009,0,0,0
OH,2010,0,0,0
OH,2011,0,0,0
OH,2012,0,0,0
OH,2013,0,0,0
OH,2014,0,0,0
OH,2015,0,0,0
OH,2016,0,0,0
OH,2017,0,0,0
OH,2018,0,0,0
OH,2019,0,0,0
OH,2020,0,0,0
OH,2021,0,0,0
OH,2022,0,0,0
OK,1973,0,0,0
OK,1974,0,0,0
OK,1975,0,0,0
OK,1976,0,0,0
OK,1977,0,0,0
OK,1978,0,0,0
OK,1979,0,0,0
OK,1980,0,0,0
OK,1981,0,0,0
OK,1982,0,0,0
OK,1983,0,0,0
OK,1984,0,0,0
OK,1985,0,0,0
OK,1986,0,0,0
OK,1987,0,0,0
OK,1988,0,0,0
OK,1989,0,0,0
OK,1990,0,0,0
OK,1991,0,0,0
OK,1992,0,0,0
OK,1993,0,0,0
OK,1994,0,0,0
OK,1995,0,0,0
OK,1996,0,0,0
OK,1997,0,0,0
OK,1998,0,0,0
OK,1999,0,0,0
OK,2000,0,0,0
OK,2001,0,0,0
OK,2002,0,0,0
OK,2003,0,0,0
OK,2004,0,0,0
OK,2005,0,0,0
OK,2006,0,0,0
OK,2007,0,0,0
OK,2008,0,0,0
OK,2009,0,0,0
OK,2010,0,0,0
OK,2011,0,0,0
OK,2012,0,0,0
OK,2013,0,0,0
OK,2014,0,0,0
OK,2015,0,0,0
OK,2016,0,0,0
OK,2017,0,0,0
OK,2018,0,0,0
OK,2019,0,0,0
OK,2020,0,0,0
OK,2021,0,0,0
OK,2022,0,0,0
OR,1973,0,0,1009152
OR,1974,0,0,1009152
OR,1975,0,0,1009152
OR,1976,0,0,1009152
OR,1977,1728000,0,2737152
OR,1978,0,0,2737152
OR,1979,0,0,2737152
OR,1980,0,0,2737152
OR,1981,0,0,2737152
OR,1982,0,0,2737152
OR,1983,0,0,2737152
OR,1984,0,0,2737152
OR,1985,0,0,2737152
OR,1986,0,0,2737152
OR,1987,0,0,2737152
OR,1988,0,0,2737152
OR,1989,0,0,2737152
OR,1990,0,0,2737152
OR,1991,0,0,2737152
OR,1992,0,0,2737152
OR,1993,0,0,2737152
OR,1994,0,0,2737152
OR,1995,0,0,2737152
OR,1996,0,0,2737152
OR,1997,0,0,2737152
OR,1998,0,0,2737152
OR,1999,0,0,2737152
OR,2000,0,0,2737152
OR,2001,0,0,2737152
OR,2002,0,0,2737152
OR,2003,0,0,2737152
OR,2004,0,0,2737152
OR,2005,0,0,2737152
OR,2006,0,0,2737152
OR,2007,0,0,2737152
OR,2008,0,0,2737152
OR,2009,0,0,2737152
OR,2010,0,0,2737152
OR,2011,0,0,2737152
OR,2012,0,0,2737152
OR,2013,0,0,2737152
OR,2014,0,1152,2736000
OR,2015,0,0,2736000
OR,2016,0,0,2736000
OR,2017,0,0,2736000
OR,2018,0,0,2736000
OR,2019,0,0,2736000
OR,2020,0,0,2736000
OR,2021,0,0,2736000
OR,2022,0,0,2736000
PA,1973,0,0,9561323.52
PA,1974,0,0,9561323.52
PA,1975,0,0,9561323.52
PA,1976,0,0,9561323.52
PA,1977,0,0,9561323.52
PA,1978,0,0,9561323.52
PA,1979,0,0,9561323.52
PA,1980,0,0,9561323.52
PA,1981,0,0,9561323.52
PA,1982,0,0,9561323.52
PA,1983,0,0,9561323.52
PA,1984,0,0,9561323.52
PA,1985,0,0,9561323.52
PA,1986,0,0,9561323.52
PA,1987,0,0,9561323.52
PA,1988,0,0,9561323.52
PA,1989,0,0,9561323.52
PA,1990,0,0,9561323.52
PA,1991,0,0,9561323.52
PA,1992,0,0,9561323.52
PA,1993,0,0,9561323.52
PA,1994,0,0,9561323.52
PA,1995,0,0,9561323.52
PA,1996,0,0,9561323.52
PA,1997,0,0,9561323.52
PA,1998,0,0,9561323.52
PA,1999,0,0,9561323.52
PA,2000,0,0,9561323.52
PA,2001,0,0,9561323.52
PA,2002,0,0,9561323.52
PA,2003,0,0,9561323.52
PA,2004,0,0,9561323.52
PA,2005,0,0,9561323.52
PA,2006,0,0,9561323.52
PA,2007,0,0,9561323.52
PA,2008,0,0,9561323.52
PA,2009,0,0,9561323.52
PA,2010,0,0,9561323.52
PA,2011,0,0,9561323.52
PA,2012,1681920,0,11243243.52
PA,2013,13870.0800000001,0,11257113.6
PA,2014,0,0,11257113.6
PA,2015,0,0,11257113.6
PA,2016,0,0,11257113.6
PA,2017,77592.9600000009,0,11334706.56
PA,2018,274285.439999999,0,11608992
PA,2019,0,0,11608992
PA,2020,274285.439999999,0,11883277.44
PA,2021,0,0,11883277.44
PA,2022,234599.039999999,0,12117876.48
RI,1973,0,0,3772800
RI,1974,0,0,3772800
RI,1975,0,0,3772800
RI,1976,135072,0,3907872
RI,1977,0,0,3907872
RI,1978,0,0,3907872
RI,1979,0,0,3907872
RI,1980,0,0,3907872
RI,1981,0,0,3907872
RI,1982,0,0,3907872
RI,1983,0,0,3907872
RI,1984,0,0,3907872
RI,1985,0,0,3907872
RI,1986,0,0,3907872
RI,1987,0,0,3907872
RI,1988,0,0,3907872
RI,1989,0,0,3907872
RI,1990,0,0,3907872
RI,1991,0,0,3907872
RI,1992,0,0,3907872
RI,1993,0,0,3907872
RI,1994,0,0,3907872
RI,1995,0,0,3907872
RI,1996,0,0,3907872
RI,1997,0,0,3907872
RI,1998,0,0,3907872
RI,1999,0,0,3907872
RI,2000,0,0,3907872
RI,2001,0,0,3907872
RI,2002,0,0,3907872
RI,2003,0,0,3907872
RI,2004,0,0,3907872
RI,2005,0,0,3907872
RI,2006,0,0,3907872
RI,2007,0,0,3907872
RI,2008,0,0,3907872
RI,2009,0,0,3907872
RI,2010,0,0,3907872
RI,2011,0,0,3907872
RI,2012,0,0,3907872
RI,2013,0,0,3907872
RI,2014,0,0,3907872
RI,2015,0,0,3907872
RI,2016,0,135072,3772800
RI,2017,0,0,3772800
RI,2018,0,0,3772800
RI,2019,0,0,3772800
RI,2020,0,0,3772800
RI,2021,0,0,3772800
RI,2022,0,0,3772800
SC,1973,0,0,0
SC,1974,0,0,0
SC,1975,1670400,0,1670400
SC,1976,0,0,1670400
SC,1977,0,0,1670400
SC,1978,0,0,1670400
SC,1979,0,0,1670400
SC,1980,0,0,1670400
SC,1981,0,0,1670400
SC,1982,0,0,1670400
SC,1983,0,0,1670400
SC,1984,0,0,1670400
SC,1985,0,0,1670400
SC,1986,0,0,1670400
SC,1987,0,0,1670400
SC,1988,0,0,1670400
SC,1989,0,0,1670400
SC,1990,0,0,1670400
SC,1991,0,0,1670400
SC,1992,0,0,1670400
SC,1993,1497600,0,3168000
SC,1994,0,0,3168000
SC,1995,0,0,3168000
SC,1996,0,0,3168000
SC,1997,0,0,3168000
SC,1998,0,0,3168000
SC,1999,0,0,3168000
SC,2000,0,0,3168000
SC,2001,0,0,3168000
SC,2002,0,0,3168000
SC,2003,0,0,3168000
SC,2004,0,0,3168000
SC,2005,0,0,3168000
SC,2006,0,0,3168000
SC,2007,0,0,3168000
SC,2008,0,0,3168000
SC,2009,0,0,3168000
SC,2010,0,0,3168000
SC,2011,0,0,3168000
SC,2012,0,0,3168000
SC,2013,0,0,3168000
SC,2014,0,0,3168000
SC,2015,0,0,3168000
SC,2016,0,0,3168000
SC,2017,0,0,3168000
SC,2018,0,0,3168000
SC,2019,0,0,3168000
SC,2020,0,0,3168000
SC,2021,0,0,3168000
SC,2022,0,0,3168000
SD,1973,0,0,0
SD,1974,0,0,0
SD,1975,0,0,0
SD,1976,0,0,0
SD,1977,0,0,0
SD,1978,0,0,0
SD,1979,0,0,0
SD,1980,0,0,0
SD,1981,0,0,0
SD,1982,0,0,0
SD,1983,0,0,0
SD,1984,0,0,0
SD,1985,0,0,0
SD,1986,0,0,0
SD,1987,0,0,0
SD,1988,0,0,0
SD,1989,0,0,0
SD,1990,0,0,0
SD,1991,0,0,0
SD,1992,0,0,0
SD,1993,0,0,0
SD,1994,0,0,0
SD,1995,0,0,0
SD,1996,0,0,0
SD,1997,0,0,0
SD,1998,0,0,0
SD,1999,0,0,0
SD,2000,0,0,0
SD,2001,0,0,0
SD,2002,0,0,0
SD,2003,0,0,0
SD,2004,0,0,0
SD,2005,0,0,0
SD,2006,0,0,0
SD,2007,0,0,0
SD,2008,0,0,0
SD,2009,0,0,0
SD,2010,0,0,0
SD,2011,0,0,0
SD,2012,0,0,0
SD,2013,0,0,0
SD,2014,0,0,0
SD,2015,0,0,0
SD,2016,0,0,0
SD,2017,0,0,0
SD,2018,0,0,0
SD,2019,0,0,0
SD,2020,0,0,0
SD,2021,0,0,0
SD,2022,0,0,0
TN,1973,1670400,0,3674880
TN,1974,0,0,3674880
TN,1975,2004480,0,5679360
TN,1976,0,0,5679360
TN,1977,0,0,5679360
TN,1978,0,0,5679360
TN,1979,0,0,5679360
TN,1980,0,0,5679360
TN,1981,0,0,5679360
TN,1982,0,0,5679360
TN,1983,0,0,5679360
TN,1984,0,0,5679360
TN,1985,0,0,5679360
TN,1986,0,0,5679360
TN,1987,0,0,5679360
TN,1988,0,0,5679360
TN,1989,0,0,5679360
TN,1990,0,0,5679360
TN,1991,0,0,5679360
TN,1992,0,0,5679360
TN,1993,0,0,5679360
TN,1994,0,0,5679360
TN,1995,0,0,5679360
TN,1996,0,0,5679360
TN,1997,1670400,0,7349760
TN,1998,0,0,7349760
TN,1999,0,0,7349760
TN,2000,0,0,7349760
TN,2001,0,0,7349760
TN,2002,0,0,7349760
TN,2003,0,0,7349760
TN,2004,0,0,7349760
TN,2005,0,0,7349760
TN,2006,0,0,7349760
TN,2007,0,0,7349760
TN,2008,0,0,7349760
TN,2009,0,0,7349760
TN,2010,0,0,7349760
TN,2011,0,0,7349760
TN,2012,0,0,7349760
TN,2013,0,0,7349760
TN,2014,0,0,7349760
TN,2015,0,0,7349760
TN,2016,0,0,7349760
TN,2017,0,0,7349760
TN,2018,0,0,7349760
TN,2019,0,0,7349760
TN,2020,0,0,7349760
TN,2021,0,0,7349760
TN,2022,0,0,7349760
TX,1973,0,0,0
TX,1974,0,0,0
TX,1975,0,0,0
TX,1976,0,0,0
TX,1977,0,0,0
TX,1978,0,0,0
TX,1979,0,0,0
TX,1980,0,0,0
TX,1981,0,0,0
TX,1982,0,0,0
TX,1983,0,0,0
TX,1984,0,0,0
TX,1985,0,0,0
TX,1986,0,0,0
TX,1987,0,0,0
TX,1988,0,0,0
TX,1989,0,0,0
TX,1990,0,0,0
TX,1991,0,0,0
TX,1992,0,0,0
TX,1993,0,0,0
TX,1994,0,0,0
TX,1995,0,0,0
TX,1996,0,0,0
TX,1997,0,0,0
TX,1998,0,0,0
TX,1999,0,0,0
TX,2000,0,0,0
TX,2001,0,0,0
TX,2002,0,0,0
TX,2003,0,0,0
TX,2004,0,0,0
TX,2005,0,0,0
TX,2006,0,0,0
TX,2007,0,0,0
TX,2008,11589120,0,11589120
TX,2009,0,0,11589120
TX,2010,0,11589120,0
TX,2011,28077719.04,0,28077719.04
TX,2012,0,0,28077719.04
TX,2013,0,0,28077719.04
TX,2014,0,0,28077719.04
TX,2015,35136,0,28112855.04
TX,2016,202406.399999999,0,28315261.44
TX,2017,0,0,28315261.44
TX,2018,11589120,0,39904381.44
TX,2019,0,11589120,28315261.44
TX,2020,576000,0,28891261.44
TX,2021,0,0,28891261.44
TX,2022,0,59904,28831357.44
UT,1973,0,0,0
UT,1974,0,0,0
UT,1975,0,0,0
UT,1976,0,0,0
UT,1977,0,0,0
UT,1978,0,0,0
UT,1979,0,0,0
UT,1980,0,0,0
UT,1981,0,0,0
UT,1982,0,0,0
UT,1983,0,0,0
UT,1984,0,0,0
UT,1985,0,0,0
UT,1986,0,0,0
UT,1987,0,0,0
UT,1988,0,0,0
UT,1989,0,0,0
UT,1990,0,0,0
UT,1991,0,0,0
UT,1992,0,0,0
UT,1993,0,0,0
UT,1994,0,0,0
UT,1995,0,0,0
UT,1996,0,0,0
UT,1997,0,0,0
UT,1998,0,0,0
UT,1999,0,0,0
UT,2000,0,0,0
UT,2001,0,0,0
UT,2002,0,0,0
UT,2003,0,0,0
UT,2004,0,0,0
UT,2005,0,0,0
UT,2006,0,0,0
UT,2007,0,0,0
UT,2008,0,0,0
UT,2009,0,0,0
UT,2010,0,0,0
UT,2011,0,0,0
UT,2012,0,0,0
UT,2013,0,0,0
UT,2014,0,0,0
UT,2015,0,0,0
UT,2016,0,0,0
UT,2017,0,0,0
UT,2018,0,0,0
UT,2019,0,0,0
UT,2020,0,0,0
UT,2021,0,0,0
UT,2022,2057143.68,0,2057143.68
VA,1973,0,0,2345472
VA,1974,0,0,2345472
VA,1975,0,0,2345472
VA,1976,66234.2400000002,0,2411706.24
VA,1977,0,0,2411706.24
VA,1978,0,0,2411706.24
VA,1979,0,0,2411706.24
VA,1980,0,0,2411706.24
VA,1981,0,0,2411706.24
VA,1982,0,0,2411706.24
VA,1983,0,0,2411706.24
VA,1984,0,0,2411706.24
VA,1985,0,0,2411706.24
VA,1986,0,0,2411706.24
VA,1987,0,0,2411706.24
VA,1988,0,0,2411706.24
VA,1989,0,0,2411706.24
VA,1990,0,0,2411706.24
VA,1991,0,0,2411706.24
VA,1992,0,0,2411706.24
VA,1993,0,0,2411706.24
VA,1994,0,0,2411706.24
VA,1995,0,0,2411706.24
VA,1996,0,0,2411706.24
VA,1997,0,0,2411706.24
VA,1998,0,0,2411706.24
VA,1999,0,0,2411706.24
VA,2000,0,0,2411706.24
VA,2001,0,0,2411706.24
VA,2002,0,0,2411706.24
VA,2003,0,0,2411706.24
VA,2004,0,0,2411706.24
VA,2005,0,0,2411706.24
VA,2006,0,0,2411706.24
VA,2007,0,0,2411706.24
VA,2008,0,0,2411706.24
VA,2009,0,0,2411706.24
VA,2010,0,0,2411706.24
VA,2011,0,0,2411706.24
VA,2012,0,0,2411706.24
VA,2013,0,0,2411706.24
VA,2014,0,0,2411706.24
VA,2015,0,66234.2400000002,2345472
VA,2016,0,0,2345472
VA,2017,0,0,2345472
VA,2018,0,0,2345472
VA,2019,0,0,2345472
VA,2020,0,0,2345472
VA,2021,0,0,2345472
VA,2022,0,0,2345472
VT,1973,0,0,0
VT,1974,0,0,0
VT,1975,0,0,0
VT,1976,0,0,0
VT,1977,0,0,0
VT,1978,0,0,0
VT,1979,0,0,0
VT,1980,0,0,0
VT,1981,0,0,0
VT,1982,0,0,0
VT,1983,0,0,0
VT,1984,0,0,0
VT,1985,0,0,0
VT,1986,0,0,0
VT,1987,0,0,0
VT,1988,0,0,0
VT,1989,0,0,0
VT,1990,0,0,0
VT,1991,0,0,0
VT,1992,0,0,0
VT,1993,0,0,0
VT,1994,0,0,0
VT,1995,0,0,0
VT,1996,0,0,0
VT,1997,0,0,0
VT,1998,0,0,0
VT,1999,0,0,0
VT,2000,0,0,0
VT,2001,0,0,0
VT,2002,0,0,0
VT,2003,0,0,0
VT,2004,0,0,0
VT,2005,0,0,0
VT,2006,0,0,0
VT,2007,0,0,0
VT,2008,0,0,0
VT,2009,0,0,0
VT,2010,0,0,0
VT,2011,0,0,0
VT,2012,0,0,0
VT,2013,0,0,0
VT,2014,0,0,0
VT,2015,0,0,0
VT,2016,0,0,0
VT,2017,0,0,0
VT,2018,0,0,0
VT,2019,0,0,0
VT,2020,0,0,0
VT,2021,0,0,0
VT,2022,0,0,0
WA,1973,0,0,0
WA,1974,0,0,0
WA,1975,3974400,0,3974400
WA,1976,0,0,3974400
WA,1977,0,0,3974400
WA,1978,0,0,3974400
WA,1979,0,0,3974400
WA,1980,0,0,3974400
WA,1981,0,0,3974400
WA,1982,0,0,3974400
WA,1983,0,0,3974400
WA,1984,0,0,3974400
WA,1985,0,0,3974400
WA,1986,0,0,3974400
WA,1987,0,0,3974400
WA,1988,0,0,3974400
WA,1989,0,0,3974400
WA,1990,0,0,3974400
WA,1991,0,0,3974400
WA,1992,0,0,3974400
WA,1993,0,0,3974400
WA,1994,0,0,3974400
WA,1995,0,0,3974400
WA,1996,0,0,3974400
WA,1997,0,0,3974400
WA,1998,0,0,3974400
WA,1999,0,0,3974400
WA,2000,0,0,3974400
WA,2001,2741.75999999978,0,3977141.76
WA,2002,0,0,3977141.76
WA,2003,0,0,3977141.76
WA,2004,17550.7200000002,0,3994692.48
WA,2005,0,0,3994692.48
WA,2006,0,0,3994692.48
WA,2007,0,0,3994692.48
WA,2008,0,0,3994692.48
WA,2009,0,0,3994692.48
WA,2010,0,0,3994692.48
WA,2011,0,0,3994692.48
WA,2012,0,0,3994692.48
WA,2013,0,0,3994692.48
WA,2014,0,0,3994692.48
WA,2015,0,0,3994692.48
WA,2016,0,0,3994692.48
WA,2017,0,0,3994692.48
WA,2018,0,0,3994692.48
WA,2019,0,0,3994692.48
WA,2020,0,0,3994692.48
WA,2021,0,0,3994692.48
WA,2022,1094400,0,5089092.48
WI,1973,0,0,864000
WI,1974,30067.2,0,894067.2
WI,1975,0,0,894067.2
WI,1976,0,0,894067.2
WI,1977,0,0,894067.2
WI,1978,0,0,894067.2
WI,1979,0,0,894067.2
WI,1980,0,0,894067.2
WI,1981,0,0,894067.2
WI,1982,0,0,894067.2
WI,1983,0,0,894067.2
WI,1984,0,0,894067.2
WI,1985,0,0,894067.2
WI,1986,0,0,894067.2
WI,1987,0,0,894067.2
WI,1988,0,0,894067.2
WI,1989,0,0,894067.2
WI,1990,0,0,894067.2
WI,1991,0,0,894067.2
WI,1992,0,0,894067.2
WI,1993,0,0,894067.2
WI,1994,0,0,894067.2
WI,1995,0,0,894067.2
WI,1996,0,0,894067.2
WI,1997,0,0,894067.2
WI,1998,0,0,894067.2
WI,1999,0,0,894067.2
WI,2000,0,0,894067.2
WI,2001,0,0,894067.2
WI,2002,0,0,894067.2
WI,2003,0,0,894067.2
WI,2004,0,0,894067.2
WI,2005,0,0,894067.2
WI,2006,0,0,894067.2
WI,2007,0,0,894067.2
WI,2008,0,0,894067.2
WI,2009,0,0,894067.2
WI,2010,0,0,894067.2
WI,2011,0,0,894067.2
WI,2012,0,0,894067.2
WI,2013,0,0,894067.2
WI,2014,0,0,894067.2
WI,2015,0,0,894067.2
WI,2016,0,0,894067.2
WI,2017,0,0,894067.2
WI,2018,0,0,894067.2
WI,2019,0,0,894067.2
WI,2020,0,0,894067.2
WI,2021,0,0,894067.2
WI,2022,1645712.64,0,2539779.84
WV,1973,0,0,0
WV,1974,0,0,0
WV,1975,0,0,0
WV,1976,0,0,0
WV,1977,0,0,0
WV,1978,0,0,0
WV,1979,0,0,0
WV,1980,0,0,0
WV,1981,0,0,0
WV,1982,0,0,0
WV,1983,0,0,0
WV,1984,0,0,0
WV,1985,0,0,0
WV,1986,0,0,0
WV,1987,0,0,0
WV,1988,0,0,0
WV,1989,0,0,0
WV,1990,0,0,0
WV,1991,0,0,0
WV,1992,0,0,0
WV,1993,0,0,0
WV,1994,0,0,0
WV,1995,0,0,0
WV,1996,0,0,0
WV,1997,0,0,0
WV,1998,0,0,0
WV,1999,0,0,0
WV,2000,0,0,0
WV,2001,0,0,0
WV,2002,0,0,0
WV,2003,0,0,0
WV,2004,0,0,0
WV,2005,0,0,0
WV,2006,0,0,0
WV,2007,0,0,0
WV,2008,0,0,0
WV,2009,0,0,0
WV,2010,0,0,0
WV,2011,0,0,0
WV,2012,0,0,0
WV,2013,0,0,0
WV,2014,0,0,0
WV,2015,0,0,0
WV,2016,0,0,0
WV,2017,0,0,0
WV,2018,0,0,0
WV,2019,0,0,0
WV,2020,0,0,0
WV,2021,0,0,0
WV,2022,0,0,0
WY,1973,0,0,0
WY,1974,0,0,0
WY,1975,0,0,0
WY,1976,0,0,0
WY,1977,0,0,0
WY,1978,0,0,0
WY,1979,0,0,0
WY,1980,0,0,0
WY,1981,0,0,0
WY,1982,0,0,0
WY,1983,0,0,0
WY,1984,0,0,0
WY,1985,0,0,0
WY,1986,0,0,0
WY,1987,0,0,0
WY,1988,0,0,0
WY,1989,0,0,0
WY,1990,0,0,0
WY,1991,0,0,0
WY,1992,0,0,0
WY,1993,0,0,0
WY,1994,0,0,0
WY,1995,0,0,0
WY,1996,235336.32,0,235336.32
WY,1997,0,0,235336.32
WY,1998,0,0,235336.32
WY,1999,0,0,235336.32
WY,2000,0,0,235336.32
WY,2001,0,0,235336.32
WY,2002,0,0,235336.32
WY,2003,0,0,235336.32
WY,2004,0,0,235336.32
WY,2005,0,0,235336.32
WY,2006,0,0,235336.32
WY,2007,0,0,235336.32
WY,2008,0,0,235336.32
WY,2009,0,0,235336.32
WY,2010,0,0,235336.32
WY,2011,0,200482.56,34853.76
WY,2012,0,0,34853.76
WY,2013,0,0,34853.76
WY,2014,0,0,34853.76
WY,2015,0,0,34853.76
WY,2016,0,0,34853.76
WY,2017,0,0,34853.76
WY,2018,0,0,34853.76
WY,2019,0,0,34853.76
WY,2020,0,0,34853.76
WY,2021,0,0,34853.76
WY,2022,0,0,34853.76
