GAS_ZONES,LNG_liquefaction_predet_build_year,LNG_liquefaction_predet_cap,LNG_liquefaction_removed_cap,LNG_liquefaction_total_cap
AL,1965,16320,0,16320
AL,1966,0,0,16320
AL,1967,0,0,16320
AL,1968,0,0,16320
AL,1969,0,0,16320
AL,1970,0,0,16320
AL,1971,0,0,16320
AL,1972,1920,0,18240
AL,1973,0,0,18240
AL,1974,0,0,18240
AL,1975,0,0,18240
AL,1976,0,0,18240
AL,1977,0,0,18240
AL,1978,0,0,18240
AL,1979,0,0,18240
AL,1980,0,0,18240
AL,1981,0,0,18240
AL,1982,0,0,18240
AL,1983,0,0,18240
AL,1984,0,0,18240
AL,1985,0,0,18240
AL,1986,0,0,18240
AL,1987,0,0,18240
AL,1988,0,0,18240
AL,1989,0,0,18240
AL,1990,0,0,18240
AL,1991,0,0,18240
AL,1992,0,0,18240
AL,1993,0,0,18240
AL,1994,0,0,18240
AL,1995,0,0,18240
AL,1996,0,0,18240
AL,1997,0,0,18240
AL,1998,0,0,18240
AL,1999,0,0,18240
AL,2000,0,0,18240
AL,2001,0,0,18240
AL,2002,0,0,18240
AL,2003,0,0,18240
AL,2004,0,0,18240
AL,2005,0,0,18240
AL,2006,0,0,18240
AL,2007,0,0,18240
AL,2008,0,0,18240
AL,2009,0,0,18240
AL,2010,17492160,0,17510400
AL,2011,4603392000,0,4620902400
AL,2012,0,0,4620902400
AL,2013,0,0,4620902400
AL,2014,0,4603392000,17510400
AL,2015,0,0,17510400
AL,2016,0,0,17510400
AL,2017,0,0,17510400
AL,2018,0,0,17510400
AL,2019,0,0,17510400
AL,2020,0,0,17510400
AL,2021,0,0,17510400
AL,2022,0,0,17510400
AR,1965,0,0,0
AR,1966,0,0,0
AR,1967,0,0,0
AR,1968,0,0,0
AR,1969,0,0,0
AR,1970,0,0,0
AR,1971,0,0,0
AR,1972,960,0,960
AR,1973,0,0,960
AR,1974,0,0,960
AR,1975,0,0,960
AR,1976,0,0,960
AR,1977,0,0,960
AR,1978,0,0,960
AR,1979,0,0,960
AR,1980,0,0,960
AR,1981,0,0,960
AR,1982,0,0,960
AR,1983,0,0,960
AR,1984,0,0,960
AR,1985,0,0,960
AR,1986,0,0,960
AR,1987,0,0,960
AR,1988,0,0,960
AR,1989,0,0,960
AR,1990,0,0,960
AR,1991,0,0,960
AR,1992,0,0,960
AR,1993,0,0,960
AR,1994,0,0,960
AR,1995,0,0,960
AR,1996,0,0,960
AR,1997,0,0,960
AR,1998,0,0,960
AR,1999,0,0,960
AR,2000,0,0,960
AR,2001,0,0,960
AR,2002,0,0,960
AR,2003,0,0,960
AR,2004,0,0,960
AR,2005,0,0,960
AR,2006,0,0,960
AR,2007,0,0,960
AR,2008,0,0,960
AR,2009,0,0,960
AR,2010,920640,0,921600
AR,2011,0,0,921600
AR,2012,0,0,921600
AR,2013,0,0,921600
AR,2014,0,0,921600
AR,2015,0,0,921600
AR,2016,0,0,921600
AR,2017,0,0,921600
AZ,1965,7680,0,7680
AZ,1966,0,0,7680
AZ,1967,0,0,7680
AZ,1968,0,0,7680
AZ,1969,0,0,7680
AZ,1970,0,0,7680
AZ,1971,0,0,7680
AZ,1972,0,0,7680
AZ,1973,0,0,7680
AZ,1974,0,0,7680
AZ,1975,0,0,7680
AZ,1976,0,0,7680
AZ,1977,0,0,7680
AZ,1978,0,0,7680
AZ,1979,0,0,7680
AZ,1980,0,0,7680
AZ,1981,0,0,7680
AZ,1982,0,0,7680
AZ,1983,0,0,7680
AZ,1984,0,0,7680
AZ,1985,0,0,7680
AZ,1986,0,0,7680
AZ,1987,0,0,7680
AZ,1988,0,0,7680
AZ,1989,0,0,7680
AZ,1990,0,0,7680
AZ,1991,0,0,7680
AZ,1992,0,0,7680
AZ,1993,0,0,7680
AZ,1994,0,0,7680
AZ,1995,0,0,7680
AZ,1996,0,0,7680
AZ,1997,0,0,7680
AZ,1998,0,0,7680
AZ,1999,0,0,7680
AZ,2000,0,0,7680
AZ,2001,0,0,7680
AZ,2002,0,0,7680
AZ,2003,0,0,7680
AZ,2004,0,0,7680
AZ,2005,0,0,7680
AZ,2006,0,0,7680
AZ,2007,0,0,7680
AZ,2008,0,0,7680
AZ,2009,0,0,7680
AZ,2010,7365120,0,7372800
AZ,2011,0,0,7372800
AZ,2012,3686400,0,11059200
AZ,2013,0,0,11059200
AZ,2014,9216000,0,20275200
AZ,2015,0,0,20275200
AZ,2016,0,0,20275200
AZ,2017,0,0,20275200
AZ,2018,0,0,20275200
AZ,2019,0,0,20275200
AZ,2020,0,0,20275200
AZ,2021,0,0,20275200
AZ,2022,0,0,20275200
CA,1965,0,0,0
CA,1966,0,0,0
CA,1967,0,0,0
CA,1968,0,0,0
CA,1969,0,0,0
CA,1970,0,0,0
CA,1971,0,0,0
CA,1972,0,0,0
CA,1973,0,0,0
CA,1974,0,0,0
CA,1975,0,0,0
CA,1976,0,0,0
CA,1977,0,0,0
CA,1978,0,0,0
CA,1979,0,0,0
CA,1980,0,0,0
CA,1981,0,0,0
CA,1982,0,0,0
CA,1983,0,0,0
CA,1984,0,0,0
CA,1985,0,0,0
CA,1986,0,0,0
CA,1987,0,0,0
CA,1988,0,0,0
CA,1989,0,0,0
CA,1990,0,0,0
CA,1991,0,0,0
CA,1992,0,0,0
CA,1993,0,0,0
CA,1994,0,0,0
CA,1995,0,0,0
CA,1996,0,0,0
CA,1997,0,0,0
CA,1998,0,0,0
CA,1999,0,0,0
CA,2000,0,0,0
CA,2001,0,0,0
CA,2002,0,0,0
CA,2003,0,0,0
CA,2004,0,0,0
CA,2005,0,0,0
CA,2006,0,0,0
CA,2007,0,0,0
CA,2008,0,0,0
CA,2009,0,0,0
CA,2010,0,0,0
CA,2011,0,0,0
CA,2012,0,0,0
CA,2013,0,0,0
CA,2014,0,0,0
CA,2015,0,0,0
CA,2016,0,0,0
CA,2017,0,0,0
CA,2018,0,0,0
CA,2019,0,0,0
CA,2020,0,0,0
CA,2021,0,0,0
CA,2022,0,0,0
CO,1965,0,0,0
CO,1966,0,0,0
CO,1967,0,0,0
CO,1968,0,0,0
CO,1969,0,0,0
CO,1970,0,0,0
CO,1971,0,0,0
CO,1972,0,0,0
CO,1973,0,0,0
CO,1974,0,0,0
CO,1975,0,0,0
CO,1976,0,0,0
CO,1977,0,0,0
CO,1978,0,0,0
CO,1979,0,0,0
CO,1980,0,0,0
CO,1981,0,0,0
CO,1982,0,0,0
CO,1983,0,0,0
CO,1984,0,0,0
CO,1985,0,0,0
CO,1986,0,0,0
CO,1987,0,0,0
CO,1988,0,0,0
CO,1989,0,0,0
CO,1990,0,0,0
CO,1991,0,0,0
CO,1992,0,0,0
CO,1993,0,0,0
CO,1994,0,0,0
CO,1995,0,0,0
CO,1996,0,0,0
CO,1997,0,0,0
CO,1998,0,0,0
CO,1999,0,0,0
CO,2000,0,0,0
CO,2001,0,0,0
CO,2002,0,0,0
CO,2003,0,0,0
CO,2004,0,0,0
CO,2005,0,0,0
CO,2006,0,0,0
CO,2007,0,0,0
CO,2008,0,0,0
CO,2009,0,0,0
CT,1965,0,0,0
CT,1966,0,0,0
CT,1967,0,0,0
CT,1968,0,0,0
CT,1969,0,0,0
CT,1970,0,0,0
CT,1971,0,0,0
CT,1972,11520,0,11520
CT,1973,0,0,11520
CT,1974,0,0,11520
CT,1975,0,0,11520
CT,1976,0,0,11520
CT,1977,0,0,11520
CT,1978,0,0,11520
CT,1979,0,0,11520
CT,1980,0,0,11520
CT,1981,0,0,11520
CT,1982,0,0,11520
CT,1983,0,0,11520
CT,1984,0,0,11520
CT,1985,0,0,11520
CT,1986,0,0,11520
CT,1987,0,0,11520
CT,1988,0,0,11520
CT,1989,0,0,11520
CT,1990,0,0,11520
CT,1991,0,0,11520
CT,1992,0,0,11520
CT,1993,0,0,11520
CT,1994,0,0,11520
CT,1995,0,0,11520
CT,1996,0,0,11520
CT,1997,0,0,11520
CT,1998,0,0,11520
CT,1999,0,0,11520
CT,2000,0,0,11520
CT,2001,0,0,11520
CT,2002,0,0,11520
CT,2003,0,0,11520
CT,2004,0,0,11520
CT,2005,0,0,11520
CT,2006,0,0,11520
CT,2007,5760,0,17280
CT,2008,0,0,17280
CT,2009,0,0,17280
CT,2010,16571520,0,16588800
CT,2011,0,0,16588800
CT,2012,0,0,16588800
CT,2013,0,0,16588800
CT,2014,0,0,16588800
CT,2015,0,0,16588800
CT,2016,0,0,16588800
CT,2017,0,0,16588800
CT,2018,0,0,16588800
CT,2019,0,0,16588800
CT,2020,0,0,16588800
CT,2021,0,0,16588800
CT,2022,0,0,16588800
DC,1965,0,0,0
DC,1966,0,0,0
DC,1967,0,0,0
DC,1968,0,0,0
DC,1969,0,0,0
DC,1970,0,0,0
DC,1971,0,0,0
DC,1972,0,0,0
DC,1973,0,0,0
DC,1974,0,0,0
DC,1975,0,0,0
DC,1976,0,0,0
DC,1977,0,0,0
DC,1978,0,0,0
DC,1979,0,0,0
DC,1980,0,0,0
DC,1981,0,0,0
DC,1982,0,0,0
DC,1983,0,0,0
DC,1984,0,0,0
DC,1985,0,0,0
DC,1986,0,0,0
DC,1987,0,0,0
DC,1988,0,0,0
DC,1989,0,0,0
DC,1990,0,0,0
DC,1991,0,0,0
DC,1992,0,0,0
DC,1993,0,0,0
DC,1994,0,0,0
DC,1995,0,0,0
DC,1996,0,0,0
DC,1997,0,0,0
DC,1998,0,0,0
DC,1999,0,0,0
DC,2000,0,0,0
DC,2001,0,0,0
DC,2002,0,0,0
DC,2003,0,0,0
DC,2004,0,0,0
DC,2005,0,0,0
DC,2006,0,0,0
DC,2007,0,0,0
DC,2008,0,0,0
DC,2009,0,0,0
DE,1965,0,0,0
DE,1966,0,0,0
DE,1967,0,0,0
DE,1968,0,0,0
DE,1969,0,0,0
DE,1970,0,0,0
DE,1971,1920,0,1920
DE,1972,0,0,1920
DE,1973,0,0,1920
DE,1974,0,0,1920
DE,1975,0,0,1920
DE,1976,0,0,1920
DE,1977,0,0,1920
DE,1978,0,0,1920
DE,1979,0,0,1920
DE,1980,0,0,1920
DE,1981,0,0,1920
DE,1982,0,0,1920
DE,1983,0,0,1920
DE,1984,0,0,1920
DE,1985,0,0,1920
DE,1986,0,0,1920
DE,1987,0,0,1920
DE,1988,0,0,1920
DE,1989,0,0,1920
DE,1990,0,0,1920
DE,1991,0,0,1920
DE,1992,0,0,1920
DE,1993,0,0,1920
DE,1994,0,0,1920
DE,1995,0,0,1920
DE,1996,0,0,1920
DE,1997,0,0,1920
DE,1998,0,0,1920
DE,1999,0,0,1920
DE,2000,0,0,1920
DE,2001,0,0,1920
DE,2002,0,0,1920
DE,2003,0,0,1920
DE,2004,0,0,1920
DE,2005,0,0,1920
DE,2006,0,0,1920
DE,2007,0,0,1920
DE,2008,0,0,1920
DE,2009,0,0,1920
DE,2010,1841280,0,1843200
DE,2011,0,0,1843200
DE,2012,0,0,1843200
DE,2013,0,0,1843200
DE,2014,0,0,1843200
DE,2015,0,0,1843200
DE,2016,0,460800,1382400
DE,2017,0,0,1382400
DE,2018,0,0,1382400
DE,2019,0,0,1382400
DE,2020,0,0,1382400
DE,2021,0,0,1382400
DE,2022,0,0,1382400
FL,1965,0,0,0
FL,1966,0,0,0
FL,1967,0,0,0
FL,1968,0,0,0
FL,1969,0,0,0
FL,1970,0,0,0
FL,1971,0,0,0
FL,1972,0,0,0
FL,1973,0,0,0
FL,1974,0,0,0
FL,1975,0,0,0
FL,1976,0,0,0
FL,1977,0,0,0
FL,1978,0,0,0
FL,1979,0,0,0
FL,1980,0,0,0
FL,1981,0,0,0
FL,1982,0,0,0
FL,1983,0,0,0
FL,1984,0,0,0
FL,1985,0,0,0
FL,1986,0,0,0
FL,1987,0,0,0
FL,1988,0,0,0
FL,1989,0,0,0
FL,1990,0,0,0
FL,1991,0,0,0
FL,1992,0,0,0
FL,1993,0,0,0
FL,1994,0,0,0
FL,1995,0,0,0
FL,1996,0,0,0
FL,1997,0,0,0
FL,1998,0,0,0
FL,1999,0,0,0
FL,2000,0,0,0
FL,2001,0,0,0
FL,2002,0,0,0
FL,2003,0,0,0
FL,2004,0,0,0
FL,2005,0,0,0
FL,2006,0,0,0
FL,2007,0,0,0
FL,2008,0,0,0
FL,2009,0,0,0
FL,2016,7616102.4,0,7616102.4
FL,2017,0,0,7616102.4
FL,2018,16128000,0,23744102.4
FL,2019,0,0,23744102.4
FL,2020,1382400,0,25126502.4
FL,2021,1839513.6,0,26966016
FL,2022,26726400,0,53692416
GA,1965,0,0,0
GA,1966,0,0,0
GA,1967,0,0,0
GA,1968,0,0,0
GA,1969,0,0,0
GA,1970,0,0,0
GA,1971,0,0,0
GA,1972,32640,0,32640
GA,1973,0,0,32640
GA,1974,1920,0,34560
GA,1975,0,0,34560
GA,1976,0,0,34560
GA,1977,9600,0,44160
GA,1978,0,0,44160
GA,1979,0,0,44160
GA,1980,0,0,44160
GA,1981,0,0,44160
GA,1982,0,0,44160
GA,1983,0,0,44160
GA,1984,0,0,44160
GA,1985,0,0,44160
GA,1986,0,0,44160
GA,1987,0,0,44160
GA,1988,9600,0,53760
GA,1989,0,0,53760
GA,1990,0,0,53760
GA,1991,0,0,53760
GA,1992,0,0,53760
GA,1993,0,0,53760
GA,1994,0,0,53760
GA,1995,0,0,53760
GA,1996,0,0,53760
GA,1997,0,0,53760
GA,1998,0,0,53760
GA,1999,0,0,53760
GA,2000,0,0,53760
GA,2001,0,0,53760
GA,2002,0,0,53760
GA,2003,0,0,53760
GA,2004,0,0,53760
GA,2005,0,0,53760
GA,2006,0,0,53760
GA,2007,0,0,53760
GA,2008,0,0,53760
GA,2009,0,0,53760
GA,2010,51555840,0,51609600
GA,2011,0,0,51609600
GA,2012,0,0,51609600
GA,2013,0,22118400,29491200
GA,2014,0,1843200,27648000
GA,2015,0,0,27648000
GA,2016,0,0,27648000
GA,2017,0,0,27648000
GA,2018,0,0,27648000
GA,2019,0,0,27648000
GA,2020,0,0,27648000
GA,2021,0,0,27648000
GA,2022,0,0,27648000
IA,1965,0,0,0
IA,1966,0,0,0
IA,1967,0,0,0
IA,1968,0,0,0
IA,1969,0,0,0
IA,1970,0,0,0
IA,1971,0,0,0
IA,1972,1920,0,1920
IA,1973,0,0,1920
IA,1974,0,0,1920
IA,1975,1920,0,3840
IA,1976,3840,0,7680
IA,1977,0,0,7680
IA,1978,10560,0,18240
IA,1979,0,0,18240
IA,1980,0,0,18240
IA,1981,0,0,18240
IA,1982,0,0,18240
IA,1983,0,0,18240
IA,1984,0,0,18240
IA,1985,0,0,18240
IA,1986,0,0,18240
IA,1987,0,0,18240
IA,1988,0,0,18240
IA,1989,0,0,18240
IA,1990,0,0,18240
IA,1991,0,0,18240
IA,1992,0,0,18240
IA,1993,0,0,18240
IA,1994,0,0,18240
IA,1995,0,0,18240
IA,1996,0,0,18240
IA,1997,0,0,18240
IA,1998,0,0,18240
IA,1999,0,0,18240
IA,2000,0,0,18240
IA,2001,0,0,18240
IA,2002,0,0,18240
IA,2003,0,0,18240
IA,2004,0,0,18240
IA,2005,0,0,18240
IA,2006,0,0,18240
IA,2007,0,0,18240
IA,2008,0,0,18240
IA,2009,0,0,18240
IA,2010,17492160,0,17510400
IA,2011,0,0,17510400
IA,2012,0,921600,16588800
IA,2013,0,0,16588800
IA,2014,0,0,16588800
IA,2015,0,0,16588800
IA,2016,0,0,16588800
IA,2017,0,0,16588800
IA,2018,0,0,16588800
IA,2019,0,0,16588800
IA,2020,0,0,16588800
IA,2021,4608000,0,21196800
IA,2022,0,0,21196800
ID,1965,0,0,0
ID,1966,0,0,0
ID,1967,0,0,0
ID,1968,0,0,0
ID,1969,0,0,0
ID,1970,0,0,0
ID,1971,0,0,0
ID,1972,0,0,0
ID,1973,0,0,0
ID,1974,3840,0,3840
ID,1975,0,0,3840
ID,1976,0,0,3840
ID,1977,0,0,3840
ID,1978,0,0,3840
ID,1979,0,0,3840
ID,1980,0,0,3840
ID,1981,0,0,3840
ID,1982,0,0,3840
ID,1983,0,0,3840
ID,1984,0,0,3840
ID,1985,0,0,3840
ID,1986,0,0,3840
ID,1987,0,0,3840
ID,1988,0,0,3840
ID,1989,0,0,3840
ID,1990,0,0,3840
ID,1991,0,0,3840
ID,1992,0,0,3840
ID,1993,0,0,3840
ID,1994,0,0,3840
ID,1995,0,0,3840
ID,1996,0,0,3840
ID,1997,0,0,3840
ID,1998,0,0,3840
ID,1999,0,0,3840
ID,2000,0,0,3840
ID,2001,0,0,3840
ID,2002,0,0,3840
ID,2003,0,0,3840
ID,2004,0,0,3840
ID,2005,0,0,3840
ID,2006,0,0,3840
ID,2007,0,0,3840
ID,2008,0,0,3840
ID,2009,0,0,3840
ID,2010,3682560,0,3686400
ID,2011,0,0,3686400
ID,2012,0,0,3686400
ID,2013,0,0,3686400
ID,2014,0,0,3686400
ID,2015,0,0,3686400
ID,2016,0,0,3686400
ID,2017,0,0,3686400
ID,2018,0,0,3686400
ID,2019,0,0,3686400
ID,2020,0,0,3686400
ID,2021,0,0,3686400
ID,2022,0,0,3686400
IL,1965,0,0,0
IL,1966,0,0,0
IL,1967,0,0,0
IL,1968,0,0,0
IL,1969,0,0,0
IL,1970,0,0,0
IL,1971,0,0,0
IL,1972,9600,0,9600
IL,1973,0,0,9600
IL,1974,0,0,9600
IL,1975,0,0,9600
IL,1976,0,0,9600
IL,1977,0,0,9600
IL,1978,0,0,9600
IL,1979,0,0,9600
IL,1980,0,0,9600
IL,1981,0,0,9600
IL,1982,0,0,9600
IL,1983,0,0,9600
IL,1984,0,0,9600
IL,1985,0,0,9600
IL,1986,0,0,9600
IL,1987,0,0,9600
IL,1988,0,0,9600
IL,1989,0,0,9600
IL,1990,0,0,9600
IL,1991,0,0,9600
IL,1992,0,0,9600
IL,1993,0,0,9600
IL,1994,0,0,9600
IL,1995,0,0,9600
IL,1996,0,0,9600
IL,1997,0,0,9600
IL,1998,0,0,9600
IL,1999,0,0,9600
IL,2000,0,0,9600
IL,2001,0,0,9600
IL,2002,0,0,9600
IL,2003,0,0,9600
IL,2004,0,0,9600
IL,2005,0,0,9600
IL,2006,0,0,9600
IL,2007,0,0,9600
IL,2008,0,0,9600
IL,2009,0,0,9600
IL,2010,9206400,0,9216000
IL,2011,0,0,9216000
IL,2012,0,0,9216000
IL,2013,0,0,9216000
IL,2014,0,0,9216000
IL,2015,0,0,9216000
IL,2016,0,0,9216000
IL,2017,0,0,9216000
IL,2018,0,0,9216000
IL,2019,0,0,9216000
IL,2020,0,0,9216000
IL,2021,0,0,9216000
IL,2022,0,0,9216000
IN,1965,0,0,0
IN,1966,0,0,0
IN,1967,0,0,0
IN,1968,0,0,0
IN,1969,0,0,0
IN,1970,0,0,0
IN,1971,0,0,0
IN,1972,4800,0,4800
IN,1973,960,0,5760
IN,1974,11520,0,17280
IN,1975,0,0,17280
IN,1976,0,0,17280
IN,1977,0,0,17280
IN,1978,0,0,17280
IN,1979,0,0,17280
IN,1980,0,0,17280
IN,1981,0,0,17280
IN,1982,0,0,17280
IN,1983,0,0,17280
IN,1984,0,0,17280
IN,1985,0,0,17280
IN,1986,0,0,17280
IN,1987,0,0,17280
IN,1988,0,0,17280
IN,1989,0,0,17280
IN,1990,0,0,17280
IN,1991,7680,0,24960
IN,1992,0,0,24960
IN,1993,0,0,24960
IN,1994,0,0,24960
IN,1995,0,0,24960
IN,1996,0,0,24960
IN,1997,0,0,24960
IN,1998,0,0,24960
IN,1999,0,0,24960
IN,2000,0,0,24960
IN,2001,0,0,24960
IN,2002,0,0,24960
IN,2003,0,0,24960
IN,2004,0,0,24960
IN,2005,0,0,24960
IN,2006,0,0,24960
IN,2007,0,0,24960
IN,2008,0,0,24960
IN,2009,0,0,24960
IN,2010,23936640,0,23961600
IN,2011,0,0,23961600
IN,2012,0,0,23961600
IN,2013,3686400,0,27648000
IN,2014,0,0,27648000
IN,2015,4608000,0,32256000
IN,2016,0,4608000,27648000
IN,2017,0,460800,27187200
IN,2018,0,0,27187200
IN,2019,0,0,27187200
IN,2020,0,0,27187200
IN,2021,0,0,27187200
IN,2022,0,0,27187200
KS,1965,0,0,0
KS,1966,0,0,0
KS,1967,0,0,0
KS,1968,0,0,0
KS,1969,0,0,0
KS,1970,0,0,0
KS,1971,0,0,0
KS,1972,0,0,0
KS,1973,0,0,0
KS,1974,0,0,0
KS,1975,0,0,0
KS,1976,0,0,0
KS,1977,0,0,0
KS,1978,0,0,0
KS,1979,0,0,0
KS,1980,0,0,0
KS,1981,0,0,0
KS,1982,0,0,0
KS,1983,0,0,0
KS,1984,0,0,0
KS,1985,0,0,0
KS,1986,0,0,0
KS,1987,0,0,0
KS,1988,0,0,0
KS,1989,0,0,0
KS,1990,0,0,0
KS,1991,0,0,0
KS,1992,0,0,0
KS,1993,0,0,0
KS,1994,0,0,0
KS,1995,0,0,0
KS,1996,0,0,0
KS,1997,0,0,0
KS,1998,0,0,0
KS,1999,0,0,0
KS,2000,0,0,0
KS,2001,0,0,0
KS,2002,0,0,0
KS,2003,0,0,0
KS,2004,0,0,0
KS,2005,0,0,0
KS,2006,0,0,0
KS,2007,0,0,0
KS,2008,0,0,0
KS,2009,0,0,0
KY,1965,0,0,0
KY,1966,0,0,0
KY,1967,0,0,0
KY,1968,0,0,0
KY,1969,0,0,0
KY,1970,0,0,0
KY,1971,0,0,0
KY,1972,0,0,0
KY,1973,0,0,0
KY,1974,0,0,0
KY,1975,0,0,0
KY,1976,0,0,0
KY,1977,0,0,0
KY,1978,0,0,0
KY,1979,0,0,0
KY,1980,0,0,0
KY,1981,0,0,0
KY,1982,0,0,0
KY,1983,0,0,0
KY,1984,0,0,0
KY,1985,0,0,0
KY,1986,0,0,0
KY,1987,0,0,0
KY,1988,0,0,0
KY,1989,0,0,0
KY,1990,0,0,0
KY,1991,0,0,0
KY,1992,0,0,0
KY,1993,0,0,0
KY,1994,0,0,0
KY,1995,0,0,0
KY,1996,0,0,0
KY,1997,0,0,0
KY,1998,0,0,0
KY,1999,0,0,0
KY,2000,0,0,0
KY,2001,0,0,0
KY,2002,0,0,0
KY,2003,0,0,0
KY,2004,0,0,0
KY,2005,0,0,0
KY,2006,0,0,0
KY,2007,0,0,0
KY,2008,0,0,0
KY,2009,0,0,0
LA,1965,0,0,0
LA,1966,0,0,0
LA,1967,0,0,0
LA,1968,0,0,0
LA,1969,0,0,0
LA,1970,0,0,0
LA,1971,0,0,0
LA,1972,0,0,0
LA,1973,0,0,0
LA,1974,0,0,0
LA,1975,0,0,0
LA,1976,0,0,0
LA,1977,0,0,0
LA,1978,0,0,0
LA,1979,0,0,0
LA,1980,0,0,0
LA,1981,0,0,0
LA,1982,0,0,0
LA,1983,0,0,0
LA,1984,0,0,0
LA,1985,0,0,0
LA,1986,0,0,0
LA,1987,0,0,0
LA,1988,0,0,0
LA,1989,0,0,0
LA,1990,0,0,0
LA,1991,0,0,0
LA,1992,0,0,0
LA,1993,0,0,0
LA,1994,0,0,0
LA,1995,0,0,0
LA,1996,0,0,0
LA,1997,0,0,0
LA,1998,0,0,0
LA,1999,0,0,0
LA,2000,0,0,0
LA,2001,0,0,0
LA,2002,0,0,0
LA,2003,0,0,0
LA,2004,0,0,0
LA,2005,0,0,0
LA,2006,0,0,0
LA,2007,0,0,0
LA,2008,0,0,0
LA,2009,0,0,0
LA,2010,0,0,0
LA,2011,0,0,0
LA,2012,0,0,0
LA,2013,0,0,0
LA,2014,0,0,0
LA,2015,0,0,0
LA,2016,0,0,0
LA,2017,0,0,0
LA,2018,2672640,0,2672640
LA,2019,0,0,2672640
LA,2020,0,0,2672640
LA,2021,0,0,2672640
LA,2022,0,0,2672640
MA,1965,24000,0,24000
MA,1966,0,0,24000
MA,1967,0,0,24000
MA,1968,0,0,24000
MA,1969,0,0,24000
MA,1970,0,0,24000
MA,1971,0,0,24000
MA,1972,0,0,24000
MA,1973,0,0,24000
MA,1974,0,0,24000
MA,1975,0,0,24000
MA,1976,0,0,24000
MA,1977,0,0,24000
MA,1978,0,0,24000
MA,1979,0,0,24000
MA,1980,0,0,24000
MA,1981,0,0,24000
MA,1982,0,0,24000
MA,1983,0,0,24000
MA,1984,0,0,24000
MA,1985,0,0,24000
MA,1986,0,0,24000
MA,1987,0,0,24000
MA,1988,0,0,24000
MA,1989,0,0,24000
MA,1990,0,0,24000
MA,1991,0,0,24000
MA,1992,0,0,24000
MA,1993,0,0,24000
MA,1994,0,0,24000
MA,1995,0,0,24000
MA,1996,0,0,24000
MA,1997,0,0,24000
MA,1998,0,0,24000
MA,1999,0,0,24000
MA,2000,0,0,24000
MA,2001,0,0,24000
MA,2002,0,0,24000
MA,2003,0,0,24000
MA,2004,0,0,24000
MA,2005,0,0,24000
MA,2006,0,0,24000
MA,2007,0,0,24000
MA,2008,0,0,24000
MA,2009,0,0,24000
MA,2010,23016000,0,23040000
MA,2011,0,0,23040000
MA,2012,0,0,23040000
MA,2013,0,0,23040000
MA,2014,0,0,23040000
MA,2015,0,0,23040000
MA,2016,0,0,23040000
MA,2017,0,0,23040000
MA,2018,2764800,0,25804800
MA,2019,0,2764800,23040000
MA,2020,0,0,23040000
MA,2021,0,0,23040000
MA,2022,0,0,23040000
MD,1965,0,0,0
MD,1966,0,0,0
MD,1967,0,0,0
MD,1968,0,0,0
MD,1969,0,0,0
MD,1970,0,0,0
MD,1971,4800,0,4800
MD,1972,0,0,4800
MD,1973,0,0,4800
MD,1974,0,0,4800
MD,1975,0,0,4800
MD,1976,0,0,4800
MD,1977,0,0,4800
MD,1978,14400,0,19200
MD,1979,0,0,19200
MD,1980,0,0,19200
MD,1981,0,0,19200
MD,1982,0,0,19200
MD,1983,0,0,19200
MD,1984,0,0,19200
MD,1985,0,0,19200
MD,1986,0,0,19200
MD,1987,0,0,19200
MD,1988,0,0,19200
MD,1989,0,0,19200
MD,1990,0,0,19200
MD,1991,0,0,19200
MD,1992,0,0,19200
MD,1993,0,0,19200
MD,1994,0,0,19200
MD,1995,0,0,19200
MD,1996,0,0,19200
MD,1997,0,0,19200
MD,1998,0,0,19200
MD,1999,0,0,19200
MD,2000,0,0,19200
MD,2001,0,0,19200
MD,2002,0,0,19200
MD,2003,0,0,19200
MD,2004,0,0,19200
MD,2005,0,0,19200
MD,2006,0,0,19200
MD,2007,0,0,19200
MD,2008,0,0,19200
MD,2009,0,0,19200
MD,2010,18412800,0,18432000
MD,2011,0,0,18432000
MD,2012,0,0,18432000
MD,2013,0,0,18432000
MD,2014,0,0,18432000
MD,2015,138240,0,18570240
MD,2016,0,0,18570240
MD,2017,552960,0,19123200
MD,2018,0,0,19123200
MD,2019,0,13824000,5299200
MD,2020,0,0,5299200
MD,2021,0,0,5299200
MD,2022,0,0,5299200
ME,1965,0,0,0
ME,1966,0,0,0
ME,1967,0,0,0
ME,1968,0,0,0
ME,1969,0,0,0
ME,1970,0,0,0
ME,1971,0,0,0
ME,1972,0,0,0
ME,1973,0,0,0
ME,1974,0,0,0
ME,1975,0,0,0
ME,1976,0,0,0
ME,1977,0,0,0
ME,1978,0,0,0
ME,1979,0,0,0
ME,1980,0,0,0
ME,1981,0,0,0
ME,1982,0,0,0
ME,1983,0,0,0
ME,1984,0,0,0
ME,1985,0,0,0
ME,1986,0,0,0
ME,1987,0,0,0
ME,1988,0,0,0
ME,1989,0,0,0
ME,1990,0,0,0
ME,1991,0,0,0
ME,1992,0,0,0
ME,1993,0,0,0
ME,1994,0,0,0
ME,1995,0,0,0
ME,1996,0,0,0
ME,1997,0,0,0
ME,1998,0,0,0
ME,1999,0,0,0
ME,2000,0,0,0
ME,2001,0,0,0
ME,2002,0,0,0
ME,2003,0,0,0
ME,2004,0,0,0
ME,2005,0,0,0
ME,2006,0,0,0
ME,2007,0,0,0
ME,2008,0,0,0
ME,2009,0,0,0
ME,2010,0,0,0
ME,2011,0,0,0
ME,2012,0,0,0
ME,2013,0,0,0
ME,2014,0,0,0
ME,2015,0,0,0
ME,2016,0,0,0
ME,2017,0,0,0
ME,2018,0,0,0
ME,2019,0,0,0
ME,2020,0,0,0
ME,2021,0,0,0
ME,2022,0,0,0
MI,1965,0,0,0
MI,1966,0,0,0
MI,1967,0,0,0
MI,1968,0,0,0
MI,1969,0,0,0
MI,1970,0,0,0
MI,1971,0,0,0
MI,1972,0,0,0
MI,1973,0,0,0
MI,1974,0,0,0
MI,1975,0,0,0
MI,1976,0,0,0
MI,1977,0,0,0
MI,1978,0,0,0
MI,1979,0,0,0
MI,1980,0,0,0
MI,1981,0,0,0
MI,1982,0,0,0
MI,1983,0,0,0
MI,1984,0,0,0
MI,1985,0,0,0
MI,1986,0,0,0
MI,1987,0,0,0
MI,1988,0,0,0
MI,1989,0,0,0
MI,1990,0,0,0
MI,1991,0,0,0
MI,1992,0,0,0
MI,1993,0,0,0
MI,1994,0,0,0
MI,1995,0,0,0
MI,1996,0,0,0
MI,1997,0,0,0
MI,1998,0,0,0
MI,1999,0,0,0
MI,2000,0,0,0
MI,2001,0,0,0
MI,2002,0,0,0
MI,2003,0,0,0
MI,2004,0,0,0
MI,2005,0,0,0
MI,2006,0,0,0
MI,2007,0,0,0
MI,2008,0,0,0
MI,2009,0,0,0
MN,1965,0,0,0
MN,1966,0,0,0
MN,1967,0,0,0
MN,1968,0,0,0
MN,1969,0,0,0
MN,1970,0,0,0
MN,1971,0,0,0
MN,1972,0,0,0
MN,1973,0,0,0
MN,1974,0,0,0
MN,1975,5781120,0,5781120
MN,1976,0,0,5781120
MN,1977,0,0,5781120
MN,1978,0,0,5781120
MN,1979,0,0,5781120
MN,1980,0,0,5781120
MN,1981,0,0,5781120
MN,1982,0,0,5781120
MN,1983,0,0,5781120
MN,1984,0,0,5781120
MN,1985,0,0,5781120
MN,1986,0,0,5781120
MN,1987,0,0,5781120
MN,1988,0,0,5781120
MN,1989,0,0,5781120
MN,1990,0,0,5781120
MN,1991,0,0,5781120
MN,1992,0,0,5781120
MN,1993,0,0,5781120
MN,1994,0,0,5781120
MN,1995,0,0,5781120
MN,1996,0,0,5781120
MN,1997,0,0,5781120
MN,1998,0,0,5781120
MN,1999,0,0,5781120
MN,2000,0,0,5781120
MN,2001,0,0,5781120
MN,2002,0,0,5781120
MN,2003,0,0,5781120
MN,2004,0,0,5781120
MN,2005,0,0,5781120
MN,2006,0,0,5781120
MN,2007,0,0,5781120
MN,2008,0,0,5781120
MN,2009,0,0,5781120
MN,2010,5544094080,0,5549875200
MN,2011,0,0,5549875200
MN,2012,0,0,5549875200
MN,2013,0,5524070400,25804800
MN,2014,0,0,25804800
MN,2015,0,0,25804800
MN,2016,0,0,25804800
MN,2017,0,0,25804800
MN,2018,0,0,25804800
MN,2019,0,0,25804800
MN,2020,0,0,25804800
MN,2021,3686400,0,29491200
MN,2022,0,0,29491200
MO,1965,0,0,0
MO,1966,0,0,0
MO,1967,0,0,0
MO,1968,0,0,0
MO,1969,0,0,0
MO,1970,0,0,0
MO,1971,0,0,0
MO,1972,0,0,0
MO,1973,0,0,0
MO,1974,0,0,0
MO,1975,0,0,0
MO,1976,0,0,0
MO,1977,0,0,0
MO,1978,0,0,0
MO,1979,0,0,0
MO,1980,0,0,0
MO,1981,0,0,0
MO,1982,0,0,0
MO,1983,0,0,0
MO,1984,0,0,0
MO,1985,0,0,0
MO,1986,0,0,0
MO,1987,0,0,0
MO,1988,0,0,0
MO,1989,0,0,0
MO,1990,0,0,0
MO,1991,0,0,0
MO,1992,0,0,0
MO,1993,0,0,0
MO,1994,0,0,0
MO,1995,0,0,0
MO,1996,0,0,0
MO,1997,0,0,0
MO,1998,0,0,0
MO,1999,0,0,0
MO,2000,0,0,0
MO,2001,0,0,0
MO,2002,0,0,0
MO,2003,0,0,0
MO,2004,0,0,0
MO,2005,0,0,0
MO,2006,0,0,0
MO,2007,0,0,0
MO,2008,0,0,0
MO,2009,0,0,0
MS,1965,0,0,0
MS,1966,0,0,0
MS,1967,0,0,0
MS,1968,0,0,0
MS,1969,0,0,0
MS,1970,0,0,0
MS,1971,0,0,0
MS,1972,0,0,0
MS,1973,0,0,0
MS,1974,0,0,0
MS,1975,0,0,0
MS,1976,0,0,0
MS,1977,0,0,0
MS,1978,0,0,0
MS,1979,0,0,0
MS,1980,0,0,0
MS,1981,0,0,0
MS,1982,0,0,0
MS,1983,0,0,0
MS,1984,0,0,0
MS,1985,0,0,0
MS,1986,0,0,0
MS,1987,0,0,0
MS,1988,0,0,0
MS,1989,0,0,0
MS,1990,0,0,0
MS,1991,0,0,0
MS,1992,0,0,0
MS,1993,0,0,0
MS,1994,0,0,0
MS,1995,0,0,0
MS,1996,0,0,0
MS,1997,0,0,0
MS,1998,0,0,0
MS,1999,0,0,0
MS,2000,0,0,0
MS,2001,0,0,0
MS,2002,0,0,0
MS,2003,0,0,0
MS,2004,0,0,0
MS,2005,0,0,0
MS,2006,0,0,0
MS,2007,0,0,0
MS,2008,0,0,0
MS,2009,0,0,0
MS,2011,0,0,0
MS,2012,0,0,0
MS,2013,0,0,0
MS,2014,0,0,0
MS,2015,0,0,0
MS,2016,0,0,0
MS,2017,0,0,0
MS,2018,0,0,0
MS,2019,0,0,0
MS,2020,0,0,0
MS,2021,0,0,0
MS,2022,0,0,0
MT,1965,0,0,0
MT,1966,0,0,0
MT,1967,0,0,0
MT,1968,0,0,0
MT,1969,0,0,0
MT,1970,0,0,0
MT,1971,0,0,0
MT,1972,0,0,0
MT,1973,0,0,0
MT,1974,0,0,0
MT,1975,0,0,0
MT,1976,0,0,0
MT,1977,0,0,0
MT,1978,0,0,0
MT,1979,0,0,0
MT,1980,0,0,0
MT,1981,0,0,0
MT,1982,0,0,0
MT,1983,0,0,0
MT,1984,0,0,0
MT,1985,0,0,0
MT,1986,0,0,0
MT,1987,0,0,0
MT,1988,0,0,0
MT,1989,0,0,0
MT,1990,0,0,0
MT,1991,0,0,0
MT,1992,0,0,0
MT,1993,0,0,0
MT,1994,0,0,0
MT,1995,0,0,0
MT,1996,0,0,0
MT,1997,0,0,0
MT,1998,0,0,0
MT,1999,0,0,0
MT,2000,0,0,0
MT,2001,0,0,0
MT,2002,0,0,0
MT,2003,0,0,0
MT,2004,0,0,0
MT,2005,0,0,0
MT,2006,0,0,0
MT,2007,0,0,0
MT,2008,0,0,0
MT,2009,0,0,0
MT,2010,0,0,0
MT,2011,0,0,0
MT,2012,0,0,0
MT,2013,0,0,0
MT,2014,0,0,0
MT,2015,0,0,0
MT,2016,0,0,0
MT,2017,0,0,0
MT,2018,0,0,0
MT,2019,0,0,0
MT,2020,0,0,0
MT,2021,0,0,0
MT,2022,0,0,0
NC,1965,0,0,0
NC,1966,0,0,0
NC,1967,0,0,0
NC,1968,0,0,0
NC,1969,0,0,0
NC,1970,0,0,0
NC,1971,0,0,0
NC,1972,0,0,0
NC,1973,4800,0,4800
NC,1974,0,0,4800
NC,1975,0,0,4800
NC,1976,2880,0,7680
NC,1977,0,0,7680
NC,1978,0,0,7680
NC,1979,0,0,7680
NC,1980,0,0,7680
NC,1981,0,0,7680
NC,1982,0,0,7680
NC,1983,0,0,7680
NC,1984,0,0,7680
NC,1985,0,0,7680
NC,1986,3840,0,11520
NC,1987,0,0,11520
NC,1988,0,0,11520
NC,1989,0,0,11520
NC,1990,0,0,11520
NC,1991,0,0,11520
NC,1992,0,0,11520
NC,1993,0,0,11520
NC,1994,0,0,11520
NC,1995,0,0,11520
NC,1996,0,0,11520
NC,1997,0,0,11520
NC,1998,0,0,11520
NC,1999,19200,0,30720
NC,2000,0,0,30720
NC,2001,0,0,30720
NC,2002,0,0,30720
NC,2003,0,0,30720
NC,2004,0,0,30720
NC,2005,0,0,30720
NC,2006,0,0,30720
NC,2007,0,0,30720
NC,2008,0,0,30720
NC,2009,0,0,30720
NC,2010,29460480,0,29491200
NC,2011,0,0,29491200
NC,2012,0,0,29491200
NC,2013,0,0,29491200
NC,2014,0,0,29491200
NC,2015,0,0,29491200
NC,2016,0,0,29491200
NC,2017,0,0,29491200
NC,2018,0,0,29491200
NC,2019,0,0,29491200
NC,2020,5529600,0,35020800
NC,2021,13824000,0,48844800
NC,2022,184320,0,49029120
ND,1965,0,0,0
ND,1966,0,0,0
ND,1967,0,0,0
ND,1968,0,0,0
ND,1969,0,0,0
ND,1970,0,0,0
ND,1971,0,0,0
ND,1972,0,0,0
ND,1973,0,0,0
ND,1974,0,0,0
ND,1975,0,0,0
ND,1976,0,0,0
ND,1977,0,0,0
ND,1978,0,0,0
ND,1979,0,0,0
ND,1980,0,0,0
ND,1981,0,0,0
ND,1982,0,0,0
ND,1983,0,0,0
ND,1984,0,0,0
ND,1985,0,0,0
ND,1986,0,0,0
ND,1987,0,0,0
ND,1988,0,0,0
ND,1989,0,0,0
ND,1990,0,0,0
ND,1991,0,0,0
ND,1992,0,0,0
ND,1993,0,0,0
ND,1994,0,0,0
ND,1995,0,0,0
ND,1996,0,0,0
ND,1997,0,0,0
ND,1998,0,0,0
ND,1999,0,0,0
ND,2000,0,0,0
ND,2001,0,0,0
ND,2002,0,0,0
ND,2003,0,0,0
ND,2004,0,0,0
ND,2005,0,0,0
ND,2006,0,0,0
ND,2007,0,0,0
ND,2008,0,0,0
ND,2009,0,0,0
ND,2017,7437312,0,7437312
ND,2018,0,0,7437312
ND,2019,0,0,7437312
ND,2020,0,7437312,0
ND,2021,0,0,0
NE,1965,5760,0,5760
NE,1966,0,0,5760
NE,1967,0,0,5760
NE,1968,0,0,5760
NE,1969,0,0,5760
NE,1970,0,0,5760
NE,1971,0,0,5760
NE,1972,0,0,5760
NE,1973,0,0,5760
NE,1974,0,0,5760
NE,1975,0,0,5760
NE,1976,0,0,5760
NE,1977,0,0,5760
NE,1978,0,0,5760
NE,1979,0,0,5760
NE,1980,0,0,5760
NE,1981,0,0,5760
NE,1982,0,0,5760
NE,1983,0,0,5760
NE,1984,0,0,5760
NE,1985,0,0,5760
NE,1986,0,0,5760
NE,1987,0,0,5760
NE,1988,0,0,5760
NE,1989,0,0,5760
NE,1990,0,0,5760
NE,1991,0,0,5760
NE,1992,0,0,5760
NE,1993,0,0,5760
NE,1994,0,0,5760
NE,1995,0,0,5760
NE,1996,0,0,5760
NE,1997,0,0,5760
NE,1998,0,0,5760
NE,1999,0,0,5760
NE,2000,0,0,5760
NE,2001,0,0,5760
NE,2002,0,0,5760
NE,2003,0,0,5760
NE,2004,0,0,5760
NE,2005,0,0,5760
NE,2006,0,0,5760
NE,2007,0,0,5760
NE,2008,0,0,5760
NE,2009,0,0,5760
NE,2010,5523840,0,5529600
NE,2011,0,0,5529600
NE,2012,0,0,5529600
NE,2013,0,0,5529600
NE,2014,0,0,5529600
NE,2015,0,0,5529600
NE,2016,0,0,5529600
NE,2017,0,0,5529600
NE,2018,0,0,5529600
NE,2019,0,0,5529600
NE,2020,0,0,5529600
NE,2021,0,0,5529600
NE,2022,0,0,5529600
NH,1965,0,0,0
NH,1966,0,0,0
NH,1967,0,0,0
NH,1968,0,0,0
NH,1969,0,0,0
NH,1970,0,0,0
NH,1971,0,0,0
NH,1972,0,0,0
NH,1973,0,0,0
NH,1974,0,0,0
NH,1975,0,0,0
NH,1976,0,0,0
NH,1977,0,0,0
NH,1978,0,0,0
NH,1979,0,0,0
NH,1980,0,0,0
NH,1981,0,0,0
NH,1982,0,0,0
NH,1983,0,0,0
NH,1984,0,0,0
NH,1985,0,0,0
NH,1986,0,0,0
NH,1987,0,0,0
NH,1988,0,0,0
NH,1989,0,0,0
NH,1990,0,0,0
NH,1991,0,0,0
NH,1992,0,0,0
NH,1993,0,0,0
NH,1994,0,0,0
NH,1995,0,0,0
NH,1996,0,0,0
NH,1997,0,0,0
NH,1998,0,0,0
NH,1999,0,0,0
NH,2000,0,0,0
NH,2001,0,0,0
NH,2002,0,0,0
NH,2003,0,0,0
NH,2004,0,0,0
NH,2005,0,0,0
NH,2006,0,0,0
NH,2007,0,0,0
NH,2008,0,0,0
NH,2009,0,0,0
NH,2010,0,0,0
NH,2011,0,0,0
NH,2012,0,0,0
NH,2013,0,0,0
NH,2014,0,0,0
NH,2015,0,0,0
NH,2016,0,0,0
NH,2017,0,0,0
NH,2018,0,0,0
NH,2019,0,0,0
NH,2020,0,0,0
NH,2021,0,0,0
NH,2022,0,0,0
NJ,1965,9600,0,9600
NJ,1966,0,0,9600
NJ,1967,0,0,9600
NJ,1968,0,0,9600
NJ,1969,0,0,9600
NJ,1970,0,0,9600
NJ,1971,0,0,9600
NJ,1972,0,0,9600
NJ,1973,0,0,9600
NJ,1974,0,0,9600
NJ,1975,0,0,9600
NJ,1976,0,0,9600
NJ,1977,0,0,9600
NJ,1978,0,0,9600
NJ,1979,0,0,9600
NJ,1980,0,0,9600
NJ,1981,0,0,9600
NJ,1982,0,0,9600
NJ,1983,0,0,9600
NJ,1984,0,0,9600
NJ,1985,0,0,9600
NJ,1986,0,0,9600
NJ,1987,0,0,9600
NJ,1988,0,0,9600
NJ,1989,0,0,9600
NJ,1990,0,0,9600
NJ,1991,0,0,9600
NJ,1992,0,0,9600
NJ,1993,0,0,9600
NJ,1994,0,0,9600
NJ,1995,0,0,9600
NJ,1996,0,0,9600
NJ,1997,0,0,9600
NJ,1998,0,0,9600
NJ,1999,0,0,9600
NJ,2000,0,0,9600
NJ,2001,0,0,9600
NJ,2002,0,0,9600
NJ,2003,0,0,9600
NJ,2004,0,0,9600
NJ,2005,0,0,9600
NJ,2006,0,0,9600
NJ,2007,0,0,9600
NJ,2008,0,0,9600
NJ,2009,0,0,9600
NJ,2010,9206400,0,9216000
NJ,2011,0,0,9216000
NJ,2012,0,0,9216000
NJ,2013,0,0,9216000
NJ,2014,0,0,9216000
NJ,2015,0,0,9216000
NJ,2016,13824000,0,23040000
NJ,2017,0,8294400,14745600
NJ,2018,8294400,0,23040000
NJ,2019,0,0,23040000
NJ,2020,0,0,23040000
NJ,2021,0,0,23040000
NJ,2022,3870720,0,26910720
NM,1965,0,0,0
NM,1966,0,0,0
NM,1967,0,0,0
NM,1968,0,0,0
NM,1969,0,0,0
NM,1970,0,0,0
NM,1971,0,0,0
NM,1972,0,0,0
NM,1973,0,0,0
NM,1974,0,0,0
NM,1975,0,0,0
NM,1976,0,0,0
NM,1977,0,0,0
NM,1978,0,0,0
NM,1979,0,0,0
NM,1980,0,0,0
NM,1981,0,0,0
NM,1982,0,0,0
NM,1983,0,0,0
NM,1984,0,0,0
NM,1985,0,0,0
NM,1986,0,0,0
NM,1987,0,0,0
NM,1988,0,0,0
NM,1989,0,0,0
NM,1990,0,0,0
NM,1991,0,0,0
NM,1992,0,0,0
NM,1993,0,0,0
NM,1994,0,0,0
NM,1995,0,0,0
NM,1996,0,0,0
NM,1997,0,0,0
NM,1998,0,0,0
NM,1999,0,0,0
NM,2000,0,0,0
NM,2001,0,0,0
NM,2002,0,0,0
NM,2003,0,0,0
NM,2004,0,0,0
NM,2005,0,0,0
NM,2006,0,0,0
NM,2007,0,0,0
NM,2008,0,0,0
NM,2009,0,0,0
NV,1965,0,0,0
NV,1966,0,0,0
NV,1967,0,0,0
NV,1968,0,0,0
NV,1969,0,0,0
NV,1970,0,0,0
NV,1971,0,0,0
NV,1972,0,0,0
NV,1973,0,0,0
NV,1974,0,0,0
NV,1975,0,0,0
NV,1976,0,0,0
NV,1977,0,0,0
NV,1978,0,0,0
NV,1979,0,0,0
NV,1980,0,0,0
NV,1981,0,0,0
NV,1982,4800,0,4800
NV,1983,0,0,4800
NV,1984,0,0,4800
NV,1985,0,0,4800
NV,1986,0,0,4800
NV,1987,0,0,4800
NV,1988,0,0,4800
NV,1989,0,0,4800
NV,1990,0,0,4800
NV,1991,0,0,4800
NV,1992,0,0,4800
NV,1993,0,0,4800
NV,1994,0,0,4800
NV,1995,0,0,4800
NV,1996,0,0,4800
NV,1997,0,0,4800
NV,1998,0,0,4800
NV,1999,0,0,4800
NV,2000,0,0,4800
NV,2001,0,0,4800
NV,2002,0,0,4800
NV,2003,0,0,4800
NV,2004,0,0,4800
NV,2005,0,0,4800
NV,2006,0,0,4800
NV,2007,0,0,4800
NV,2008,0,0,4800
NV,2009,0,0,4800
NV,2010,4603200,0,4608000
NV,2011,0,0,4608000
NV,2012,0,0,4608000
NV,2013,0,0,4608000
NV,2014,0,0,4608000
NV,2015,0,0,4608000
NV,2016,0,0,4608000
NV,2017,0,0,4608000
NV,2018,0,0,4608000
NV,2019,0,0,4608000
NV,2020,0,0,4608000
NV,2021,0,0,4608000
NV,2022,0,0,4608000
NY,1965,0,0,0
NY,1966,0,0,0
NY,1967,0,0,0
NY,1968,7680,0,7680
NY,1969,0,0,7680
NY,1970,0,0,7680
NY,1971,5760,0,13440
NY,1972,0,0,13440
NY,1973,0,0,13440
NY,1974,4800,0,18240
NY,1975,0,0,18240
NY,1976,0,0,18240
NY,1977,0,0,18240
NY,1978,0,0,18240
NY,1979,0,0,18240
NY,1980,0,0,18240
NY,1981,0,0,18240
NY,1982,0,0,18240
NY,1983,0,0,18240
NY,1984,0,0,18240
NY,1985,0,0,18240
NY,1986,0,0,18240
NY,1987,0,0,18240
NY,1988,0,0,18240
NY,1989,0,0,18240
NY,1990,0,0,18240
NY,1991,0,0,18240
NY,1992,0,0,18240
NY,1993,0,0,18240
NY,1994,0,0,18240
NY,1995,0,0,18240
NY,1996,0,0,18240
NY,1997,0,0,18240
NY,1998,0,0,18240
NY,1999,0,0,18240
NY,2000,0,0,18240
NY,2001,0,0,18240
NY,2002,0,0,18240
NY,2003,0,0,18240
NY,2004,0,0,18240
NY,2005,0,0,18240
NY,2006,0,0,18240
NY,2007,0,0,18240
NY,2008,0,0,18240
NY,2009,0,0,18240
NY,2010,17492160,0,17510400
NY,2011,0,0,17510400
NY,2012,0,0,17510400
NY,2013,0,0,17510400
NY,2014,0,0,17510400
NY,2015,0,0,17510400
NY,2016,0,0,17510400
NY,2017,460800,0,17971200
NY,2018,0,0,17971200
NY,2019,0,0,17971200
NY,2020,0,0,17971200
NY,2021,0,0,17971200
NY,2022,0,0,17971200
OH,1965,0,0,0
OH,1966,0,0,0
OH,1967,0,0,0
OH,1968,0,0,0
OH,1969,0,0,0
OH,1970,0,0,0
OH,1971,0,0,0
OH,1972,0,0,0
OH,1973,0,0,0
OH,1974,0,0,0
OH,1975,0,0,0
OH,1976,0,0,0
OH,1977,0,0,0
OH,1978,0,0,0
OH,1979,0,0,0
OH,1980,0,0,0
OH,1981,0,0,0
OH,1982,0,0,0
OH,1983,0,0,0
OH,1984,0,0,0
OH,1985,0,0,0
OH,1986,0,0,0
OH,1987,0,0,0
OH,1988,0,0,0
OH,1989,0,0,0
OH,1990,0,0,0
OH,1991,0,0,0
OH,1992,0,0,0
OH,1993,0,0,0
OH,1994,0,0,0
OH,1995,0,0,0
OH,1996,0,0,0
OH,1997,0,0,0
OH,1998,0,0,0
OH,1999,0,0,0
OH,2000,0,0,0
OH,2001,0,0,0
OH,2002,0,0,0
OH,2003,0,0,0
OH,2004,0,0,0
OH,2005,0,0,0
OH,2006,0,0,0
OH,2007,0,0,0
OH,2008,0,0,0
OH,2009,0,0,0
OK,1965,0,0,0
OK,1966,0,0,0
OK,1967,0,0,0
OK,1968,0,0,0
OK,1969,0,0,0
OK,1970,0,0,0
OK,1971,0,0,0
OK,1972,0,0,0
OK,1973,0,0,0
OK,1974,0,0,0
OK,1975,0,0,0
OK,1976,0,0,0
OK,1977,0,0,0
OK,1978,0,0,0
OK,1979,0,0,0
OK,1980,0,0,0
OK,1981,0,0,0
OK,1982,0,0,0
OK,1983,0,0,0
OK,1984,0,0,0
OK,1985,0,0,0
OK,1986,0,0,0
OK,1987,0,0,0
OK,1988,0,0,0
OK,1989,0,0,0
OK,1990,0,0,0
OK,1991,0,0,0
OK,1992,0,0,0
OK,1993,0,0,0
OK,1994,0,0,0
OK,1995,0,0,0
OK,1996,0,0,0
OK,1997,0,0,0
OK,1998,0,0,0
OK,1999,0,0,0
OK,2000,0,0,0
OK,2001,0,0,0
OK,2002,0,0,0
OK,2003,0,0,0
OK,2004,0,0,0
OK,2005,0,0,0
OK,2006,0,0,0
OK,2007,0,0,0
OK,2008,0,0,0
OK,2009,0,0,0
OR,1965,0,0,0
OR,1966,0,0,0
OR,1967,0,0,0
OR,1968,0,0,0
OR,1969,1920,0,1920
OR,1970,0,0,1920
OR,1971,0,0,1920
OR,1972,0,0,1920
OR,1973,0,0,1920
OR,1974,0,0,1920
OR,1975,0,0,1920
OR,1976,0,0,1920
OR,1977,5760,0,7680
OR,1978,0,0,7680
OR,1979,0,0,7680
OR,1980,0,0,7680
OR,1981,0,0,7680
OR,1982,0,0,7680
OR,1983,0,0,7680
OR,1984,0,0,7680
OR,1985,0,0,7680
OR,1986,0,0,7680
OR,1987,0,0,7680
OR,1988,0,0,7680
OR,1989,0,0,7680
OR,1990,0,0,7680
OR,1991,0,0,7680
OR,1992,0,0,7680
OR,1993,0,0,7680
OR,1994,0,0,7680
OR,1995,0,0,7680
OR,1996,0,0,7680
OR,1997,0,0,7680
OR,1998,0,0,7680
OR,1999,0,0,7680
OR,2000,0,0,7680
OR,2001,0,0,7680
OR,2002,0,0,7680
OR,2003,0,0,7680
OR,2004,0,0,7680
OR,2005,0,0,7680
OR,2006,0,0,7680
OR,2007,0,0,7680
OR,2008,0,0,7680
OR,2009,0,0,7680
OR,2010,7365120,0,7372800
OR,2011,0,0,7372800
OR,2012,0,0,7372800
OR,2013,0,0,7372800
OR,2014,0,0,7372800
OR,2015,0,0,7372800
OR,2016,0,0,7372800
OR,2017,0,0,7372800
OR,2018,0,0,7372800
OR,2019,0,0,7372800
OR,2020,0,0,7372800
OR,2021,0,0,7372800
OR,2022,0,0,7372800
PA,1965,0,0,0
PA,1966,0,0,0
PA,1967,0,0,0
PA,1968,0,0,0
PA,1969,24960,0,24960
PA,1970,0,0,24960
PA,1971,3840000,0,3864960
PA,1972,5760,0,3870720
PA,1973,0,0,3870720
PA,1974,0,0,3870720
PA,1975,0,0,3870720
PA,1976,0,0,3870720
PA,1977,0,0,3870720
PA,1978,0,0,3870720
PA,1979,0,0,3870720
PA,1980,0,0,3870720
PA,1981,0,0,3870720
PA,1982,0,0,3870720
PA,1983,0,0,3870720
PA,1984,0,0,3870720
PA,1985,0,0,3870720
PA,1986,0,0,3870720
PA,1987,0,0,3870720
PA,1988,0,0,3870720
PA,1989,0,0,3870720
PA,1990,0,0,3870720
PA,1991,0,0,3870720
PA,1992,0,0,3870720
PA,1993,0,0,3870720
PA,1994,0,0,3870720
PA,1995,0,0,3870720
PA,1996,0,0,3870720
PA,1997,0,0,3870720
PA,1998,0,0,3870720
PA,1999,0,0,3870720
PA,2000,0,0,3870720
PA,2001,0,0,3870720
PA,2002,0,0,3870720
PA,2003,0,0,3870720
PA,2004,0,0,3870720
PA,2005,0,0,3870720
PA,2006,0,0,3870720
PA,2007,0,0,3870720
PA,2008,0,0,3870720
PA,2009,0,0,3870720
PA,2010,3712020480,0,3715891200
PA,2011,921600000,0,4637491200
PA,2012,0,0,4637491200
PA,2013,0,4603392000,34099200
PA,2014,0,0,34099200
PA,2015,4608000,0,38707200
PA,2016,0,6912000,31795200
PA,2017,9216000,0,41011200
PA,2018,0,0,41011200
PA,2019,0,0,41011200
PA,2020,0,0,41011200
PA,2021,0,2304000,38707200
PA,2022,0,0,38707200
RI,1965,0,0,0
RI,1966,0,0,0
RI,1967,0,0,0
RI,1968,0,0,0
RI,1969,0,0,0
RI,1970,0,0,0
RI,1971,0,0,0
RI,1972,0,0,0
RI,1973,0,0,0
RI,1974,0,0,0
RI,1975,0,0,0
RI,1976,0,0,0
RI,1977,0,0,0
RI,1978,0,0,0
RI,1979,0,0,0
RI,1980,0,0,0
RI,1981,0,0,0
RI,1982,0,0,0
RI,1983,0,0,0
RI,1984,0,0,0
RI,1985,0,0,0
RI,1986,0,0,0
RI,1987,0,0,0
RI,1988,0,0,0
RI,1989,0,0,0
RI,1990,0,0,0
RI,1991,0,0,0
RI,1992,0,0,0
RI,1993,0,0,0
RI,1994,0,0,0
RI,1995,0,0,0
RI,1996,0,0,0
RI,1997,0,0,0
RI,1998,0,0,0
RI,1999,0,0,0
RI,2000,0,0,0
RI,2001,0,0,0
RI,2002,0,0,0
RI,2003,0,0,0
RI,2004,0,0,0
RI,2005,0,0,0
RI,2006,0,0,0
RI,2007,0,0,0
RI,2008,0,0,0
RI,2009,0,0,0
RI,2010,0,0,0
RI,2011,0,0,0
RI,2012,0,0,0
RI,2013,0,0,0
RI,2014,0,0,0
RI,2015,0,0,0
RI,2016,0,0,0
RI,2017,0,0,0
RI,2018,0,0,0
RI,2019,0,0,0
RI,2020,0,0,0
RI,2021,0,0,0
RI,2022,18432000,0,18432000
SC,1965,0,0,0
SC,1966,0,0,0
SC,1967,0,0,0
SC,1968,0,0,0
SC,1969,0,0,0
SC,1970,0,0,0
SC,1971,0,0,0
SC,1972,0,0,0
SC,1973,0,0,0
SC,1974,0,0,0
SC,1975,5760,0,5760
SC,1976,0,0,5760
SC,1977,0,0,5760
SC,1978,0,0,5760
SC,1979,0,0,5760
SC,1980,0,0,5760
SC,1981,0,0,5760
SC,1982,0,0,5760
SC,1983,0,0,5760
SC,1984,0,0,5760
SC,1985,0,0,5760
SC,1986,0,0,5760
SC,1987,0,0,5760
SC,1988,0,0,5760
SC,1989,0,0,5760
SC,1990,0,0,5760
SC,1991,0,0,5760
SC,1992,0,0,5760
SC,1993,0,0,5760
SC,1994,0,0,5760
SC,1995,0,0,5760
SC,1996,0,0,5760
SC,1997,0,0,5760
SC,1998,0,0,5760
SC,1999,0,0,5760
SC,2000,0,0,5760
SC,2001,0,0,5760
SC,2002,0,0,5760
SC,2003,0,0,5760
SC,2004,0,0,5760
SC,2005,0,0,5760
SC,2006,0,0,5760
SC,2007,0,0,5760
SC,2008,0,0,5760
SC,2009,0,0,5760
SC,2010,5523840,0,5529600
SC,2011,0,0,5529600
SC,2012,0,0,5529600
SC,2013,0,0,5529600
SC,2014,0,0,5529600
SC,2015,0,0,5529600
SC,2016,0,0,5529600
SC,2017,0,0,5529600
SC,2018,0,0,5529600
SC,2019,0,0,5529600
SC,2020,0,0,5529600
SC,2021,0,0,5529600
SC,2022,0,0,5529600
SD,1965,0,0,0
SD,1966,0,0,0
SD,1967,0,0,0
SD,1968,0,0,0
SD,1969,0,0,0
SD,1970,0,0,0
SD,1971,0,0,0
SD,1972,0,0,0
SD,1973,0,0,0
SD,1974,0,0,0
SD,1975,0,0,0
SD,1976,0,0,0
SD,1977,0,0,0
SD,1978,0,0,0
SD,1979,0,0,0
SD,1980,0,0,0
SD,1981,0,0,0
SD,1982,0,0,0
SD,1983,0,0,0
SD,1984,0,0,0
SD,1985,0,0,0
SD,1986,0,0,0
SD,1987,0,0,0
SD,1988,0,0,0
SD,1989,0,0,0
SD,1990,0,0,0
SD,1991,0,0,0
SD,1992,0,0,0
SD,1993,0,0,0
SD,1994,0,0,0
SD,1995,0,0,0
SD,1996,0,0,0
SD,1997,0,0,0
SD,1998,0,0,0
SD,1999,0,0,0
SD,2000,0,0,0
SD,2001,0,0,0
SD,2002,0,0,0
SD,2003,0,0,0
SD,2004,0,0,0
SD,2005,0,0,0
SD,2006,0,0,0
SD,2007,0,0,0
SD,2008,0,0,0
SD,2009,0,0,0
TN,1965,0,0,0
TN,1966,0,0,0
TN,1967,0,0,0
TN,1968,0,0,0
TN,1969,0,0,0
TN,1970,0,0,0
TN,1971,0,0,0
TN,1972,9600,0,9600
TN,1973,4800,0,14400
TN,1974,0,0,14400
TN,1975,5760,0,20160
TN,1976,0,0,20160
TN,1977,0,0,20160
TN,1978,0,0,20160
TN,1979,0,0,20160
TN,1980,0,0,20160
TN,1981,0,0,20160
TN,1982,0,0,20160
TN,1983,0,0,20160
TN,1984,0,0,20160
TN,1985,0,0,20160
TN,1986,0,0,20160
TN,1987,0,0,20160
TN,1988,0,0,20160
TN,1989,0,0,20160
TN,1990,0,0,20160
TN,1991,0,0,20160
TN,1992,0,0,20160
TN,1993,0,0,20160
TN,1994,0,0,20160
TN,1995,0,0,20160
TN,1996,0,0,20160
TN,1997,4800,0,24960
TN,1998,0,0,24960
TN,1999,0,0,24960
TN,2000,0,0,24960
TN,2001,0,0,24960
TN,2002,0,0,24960
TN,2003,0,0,24960
TN,2004,0,0,24960
TN,2005,0,0,24960
TN,2006,0,0,24960
TN,2007,0,0,24960
TN,2008,0,0,24960
TN,2009,0,0,24960
TN,2010,23936640,0,23961600
TN,2011,0,0,23961600
TN,2012,0,0,23961600
TN,2013,0,0,23961600
TN,2014,0,0,23961600
TN,2015,0,0,23961600
TN,2016,0,0,23961600
TN,2017,0,0,23961600
TN,2018,0,0,23961600
TN,2019,0,0,23961600
TN,2020,0,0,23961600
TN,2021,0,460800,23500800
TN,2022,0,0,23500800
TX,1965,0,0,0
TX,1966,0,0,0
TX,1967,0,0,0
TX,1968,0,0,0
TX,1969,0,0,0
TX,1970,0,0,0
TX,1971,0,0,0
TX,1972,0,0,0
TX,1973,0,0,0
TX,1974,0,0,0
TX,1975,0,0,0
TX,1976,0,0,0
TX,1977,0,0,0
TX,1978,0,0,0
TX,1979,0,0,0
TX,1980,0,0,0
TX,1981,0,0,0
TX,1982,0,0,0
TX,1983,0,0,0
TX,1984,0,0,0
TX,1985,0,0,0
TX,1986,0,0,0
TX,1987,0,0,0
TX,1988,0,0,0
TX,1989,0,0,0
TX,1990,0,0,0
TX,1991,0,0,0
TX,1992,0,0,0
TX,1993,0,0,0
TX,1994,0,0,0
TX,1995,0,0,0
TX,1996,0,0,0
TX,1997,0,0,0
TX,1998,0,0,0
TX,1999,0,0,0
TX,2000,0,0,0
TX,2001,0,0,0
TX,2002,0,0,0
TX,2003,0,0,0
TX,2004,0,0,0
TX,2005,0,0,0
TX,2006,0,0,0
TX,2007,0,0,0
TX,2008,0,0,0
TX,2009,0,0,0
TX,2010,0,0,0
TX,2011,0,0,0
TX,2012,0,0,0
TX,2013,0,0,0
TX,2014,0,0,0
TX,2015,9216000,0,9216000
TX,2016,13824000,0,23040000
TX,2017,0,0,23040000
TX,2018,0,0,23040000
TX,2019,0,0,23040000
TX,2020,5529600,0,28569600
TX,2021,7437312,0,36006912
TX,2022,0,0,36006912
UT,1965,0,0,0
UT,1966,0,0,0
UT,1967,0,0,0
UT,1968,0,0,0
UT,1969,0,0,0
UT,1970,0,0,0
UT,1971,0,0,0
UT,1972,0,0,0
UT,1973,0,0,0
UT,1974,0,0,0
UT,1975,0,0,0
UT,1976,0,0,0
UT,1977,0,0,0
UT,1978,0,0,0
UT,1979,0,0,0
UT,1980,0,0,0
UT,1981,0,0,0
UT,1982,0,0,0
UT,1983,0,0,0
UT,1984,0,0,0
UT,1985,0,0,0
UT,1986,0,0,0
UT,1987,0,0,0
UT,1988,0,0,0
UT,1989,0,0,0
UT,1990,0,0,0
UT,1991,0,0,0
UT,1992,0,0,0
UT,1993,0,0,0
UT,1994,0,0,0
UT,1995,0,0,0
UT,1996,0,0,0
UT,1997,0,0,0
UT,1998,0,0,0
UT,1999,0,0,0
UT,2000,0,0,0
UT,2001,0,0,0
UT,2002,0,0,0
UT,2003,0,0,0
UT,2004,0,0,0
UT,2005,0,0,0
UT,2006,0,0,0
UT,2007,0,0,0
UT,2008,0,0,0
UT,2009,0,0,0
UT,2022,7557120,0,7557120
VA,1965,4800,0,4800
VA,1966,0,0,4800
VA,1967,0,0,4800
VA,1968,0,0,4800
VA,1969,0,0,4800
VA,1970,0,0,4800
VA,1971,0,0,4800
VA,1972,960,0,5760
VA,1973,0,0,5760
VA,1974,0,0,5760
VA,1975,0,0,5760
VA,1976,0,0,5760
VA,1977,0,0,5760
VA,1978,0,0,5760
VA,1979,0,0,5760
VA,1980,0,0,5760
VA,1981,0,0,5760
VA,1982,0,0,5760
VA,1983,0,0,5760
VA,1984,0,0,5760
VA,1985,0,0,5760
VA,1986,0,0,5760
VA,1987,0,0,5760
VA,1988,0,0,5760
VA,1989,0,0,5760
VA,1990,0,0,5760
VA,1991,0,0,5760
VA,1992,0,0,5760
VA,1993,0,0,5760
VA,1994,0,0,5760
VA,1995,0,0,5760
VA,1996,0,0,5760
VA,1997,0,0,5760
VA,1998,0,0,5760
VA,1999,0,0,5760
VA,2000,0,0,5760
VA,2001,0,0,5760
VA,2002,0,0,5760
VA,2003,0,0,5760
VA,2004,0,0,5760
VA,2005,0,0,5760
VA,2006,0,0,5760
VA,2007,0,0,5760
VA,2008,0,0,5760
VA,2009,0,0,5760
VA,2010,5523840,0,5529600
VA,2011,0,0,5529600
VA,2012,0,0,5529600
VA,2013,0,0,5529600
VA,2014,0,0,5529600
VA,2015,0,0,5529600
VA,2016,0,0,5529600
VA,2017,0,0,5529600
VA,2018,0,0,5529600
VA,2019,0,0,5529600
VA,2020,0,0,5529600
VA,2021,0,0,5529600
VA,2022,0,0,5529600
VT,1965,0,0,0
VT,1966,0,0,0
VT,1967,0,0,0
VT,1968,0,0,0
VT,1969,0,0,0
VT,1970,0,0,0
VT,1971,0,0,0
VT,1972,0,0,0
VT,1973,0,0,0
VT,1974,0,0,0
VT,1975,0,0,0
VT,1976,0,0,0
VT,1977,0,0,0
VT,1978,0,0,0
VT,1979,0,0,0
VT,1980,0,0,0
VT,1981,0,0,0
VT,1982,0,0,0
VT,1983,0,0,0
VT,1984,0,0,0
VT,1985,0,0,0
VT,1986,0,0,0
VT,1987,0,0,0
VT,1988,0,0,0
VT,1989,0,0,0
VT,1990,0,0,0
VT,1991,0,0,0
VT,1992,0,0,0
VT,1993,0,0,0
VT,1994,0,0,0
VT,1995,0,0,0
VT,1996,0,0,0
VT,1997,0,0,0
VT,1998,0,0,0
VT,1999,0,0,0
VT,2000,0,0,0
VT,2001,0,0,0
VT,2002,0,0,0
VT,2003,0,0,0
VT,2004,0,0,0
VT,2005,0,0,0
VT,2006,0,0,0
VT,2007,0,0,0
VT,2008,0,0,0
VT,2009,0,0,0
WA,1965,0,0,0
WA,1966,0,0,0
WA,1967,0,0,0
WA,1968,0,0,0
WA,1969,0,0,0
WA,1970,0,0,0
WA,1971,0,0,0
WA,1972,0,0,0
WA,1973,0,0,0
WA,1974,0,0,0
WA,1975,11520,0,11520
WA,1976,0,0,11520
WA,1977,0,0,11520
WA,1978,0,0,11520
WA,1979,0,0,11520
WA,1980,0,0,11520
WA,1981,0,0,11520
WA,1982,0,0,11520
WA,1983,0,0,11520
WA,1984,0,0,11520
WA,1985,0,0,11520
WA,1986,0,0,11520
WA,1987,0,0,11520
WA,1988,0,0,11520
WA,1989,0,0,11520
WA,1990,0,0,11520
WA,1991,0,0,11520
WA,1992,0,0,11520
WA,1993,0,0,11520
WA,1994,0,0,11520
WA,1995,0,0,11520
WA,1996,0,0,11520
WA,1997,0,0,11520
WA,1998,0,0,11520
WA,1999,0,0,11520
WA,2000,0,0,11520
WA,2001,5760,0,17280
WA,2002,0,0,17280
WA,2003,0,0,17280
WA,2004,15360,0,32640
WA,2005,0,0,32640
WA,2006,0,0,32640
WA,2007,0,0,32640
WA,2008,0,0,32640
WA,2009,0,0,32640
WA,2010,31301760,0,31334400
WA,2011,0,0,31334400
WA,2012,0,0,31334400
WA,2013,0,0,31334400
WA,2014,0,20275200,11059200
WA,2015,0,0,11059200
WA,2016,0,0,11059200
WA,2017,0,0,11059200
WA,2018,0,0,11059200
WA,2019,0,0,11059200
WA,2020,0,0,11059200
WA,2021,0,0,11059200
WA,2022,19031040,0,30090240
WI,1965,960,0,960
WI,1966,0,0,960
WI,1967,0,0,960
WI,1968,0,0,960
WI,1969,1920,0,2880
WI,1970,0,0,2880
WI,1971,0,0,2880
WI,1972,0,0,2880
WI,1973,0,0,2880
WI,1974,0,0,2880
WI,1975,0,0,2880
WI,1976,0,0,2880
WI,1977,0,0,2880
WI,1978,0,0,2880
WI,1979,0,0,2880
WI,1980,0,0,2880
WI,1981,0,0,2880
WI,1982,0,0,2880
WI,1983,0,0,2880
WI,1984,0,0,2880
WI,1985,0,0,2880
WI,1986,0,0,2880
WI,1987,0,0,2880
WI,1988,0,0,2880
WI,1989,0,0,2880
WI,1990,0,0,2880
WI,1991,0,0,2880
WI,1992,0,0,2880
WI,1993,0,0,2880
WI,1994,0,0,2880
WI,1995,0,0,2880
WI,1996,0,0,2880
WI,1997,0,0,2880
WI,1998,0,0,2880
WI,1999,0,0,2880
WI,2000,0,0,2880
WI,2001,0,0,2880
WI,2002,0,0,2880
WI,2003,0,0,2880
WI,2004,0,0,2880
WI,2005,0,0,2880
WI,2006,0,0,2880
WI,2007,0,0,2880
WI,2008,0,0,2880
WI,2009,0,0,2880
WI,2010,2761920,0,2764800
WI,2011,0,0,2764800
WI,2012,0,0,2764800
WI,2013,0,0,2764800
WI,2014,0,0,2764800
WI,2015,0,0,2764800
WI,2016,0,0,2764800
WI,2017,0,0,2764800
WI,2018,0,0,2764800
WI,2019,0,0,2764800
WI,2020,0,0,2764800
WI,2021,0,0,2764800
WI,2022,6451200,0,9216000
WV,1965,0,0,0
WV,1966,0,0,0
WV,1967,0,0,0
WV,1968,0,0,0
WV,1969,0,0,0
WV,1970,0,0,0
WV,1971,0,0,0
WV,1972,0,0,0
WV,1973,0,0,0
WV,1974,0,0,0
WV,1975,0,0,0
WV,1976,0,0,0
WV,1977,0,0,0
WV,1978,0,0,0
WV,1979,0,0,0
WV,1980,0,0,0
WV,1981,0,0,0
WV,1982,0,0,0
WV,1983,0,0,0
WV,1984,0,0,0
WV,1985,0,0,0
WV,1986,0,0,0
WV,1987,0,0,0
WV,1988,0,0,0
WV,1989,0,0,0
WV,1990,0,0,0
WV,1991,0,0,0
WV,1992,0,0,0
WV,1993,0,0,0
WV,1994,0,0,0
WV,1995,0,0,0
WV,1996,0,0,0
WV,1997,0,0,0
WV,1998,0,0,0
WV,1999,0,0,0
WV,2000,0,0,0
WV,2001,0,0,0
WV,2002,0,0,0
WV,2003,0,0,0
WV,2004,0,0,0
WV,2005,0,0,0
WV,2006,0,0,0
WV,2007,0,0,0
WV,2008,0,0,0
WV,2009,0,0,0
WY,1965,0,0,0
WY,1966,0,0,0
WY,1967,0,0,0
WY,1968,0,0,0
WY,1969,0,0,0
WY,1970,0,0,0
WY,1971,0,0,0
WY,1972,0,0,0
WY,1973,0,0,0
WY,1974,0,0,0
WY,1975,0,0,0
WY,1976,0,0,0
WY,1977,0,0,0
WY,1978,0,0,0
WY,1979,0,0,0
WY,1980,0,0,0
WY,1981,0,0,0
WY,1982,0,0,0
WY,1983,0,0,0
WY,1984,0,0,0
WY,1985,0,0,0
WY,1986,0,0,0
WY,1987,0,0,0
WY,1988,0,0,0
WY,1989,0,0,0
WY,1990,0,0,0
WY,1991,0,0,0
WY,1992,0,0,0
WY,1993,0,0,0
WY,1994,0,0,0
WY,1995,0,0,0
WY,1996,0,0,0
WY,1997,0,0,0
WY,1998,0,0,0
WY,1999,0,0,0
WY,2000,0,0,0
WY,2001,0,0,0
WY,2002,0,0,0
WY,2003,0,0,0
WY,2004,0,0,0
WY,2005,0,0,0
WY,2006,0,0,0
WY,2007,0,0,0
WY,2008,0,0,0
WY,2009,0,0,0
WY,2010,0,0,0
WY,2011,0,0,0
WY,2012,0,0,0
WY,2013,0,0,0
WY,2014,0,0,0
WY,2015,0,0,0
WY,2016,0,0,0
WY,2017,0,0,0
WY,2018,0,0,0
WY,2019,0,0,0
WY,2020,0,0,0
WY,2021,0,0,0
WY,2022,0,0,0
