LNG_ROUTE,LNG_route_gz1,LNG_route_gz2,LNG_route_distance,LNG_flow_allowed,LNG_shipping_unit_cost_dmmbtukm,LNG_ship_efficiency
AL_AR,AL,AR,593.6576584,1,0.011,1
AL_AZ,AL,AZ,2334.062619,1,0.011,1
AL_CA,AL,CA,3000.740434,1,0.011,1
AL_CO,AL,CO,1803.143544,1,0.011,1
AL_CT,AL,CT,1548.01703,1,0.011,1
AL_DC,AL,DC,1095.204516,1,0.011,1
AL_DE,AL,DE,1228.0373,1,0.011,1
AL_FL,AL,FL,756.9661143,1,0.011,1
AL_GA,AL,GA,270.0678901,1,0.011,1
AL_IA,AL,IA,1138.635031,1,0.011,1
AL_ID,AL,ID,2752.189688,1,0.011,1
AL_IL,AL,IL,932.7910958,1,0.011,1
AL_IN,AL,IN,796.251292,1,0.011,1
AL_KS,AL,KS,1065.550615,1,0.011,1
AL_KY,AL,KY,553.474186,1,0.011,1
AL_LA,AL,LA,517.0974212,1,0.011,1
AL_MA,AL,MA,1699.638532,1,0.011,1
AL_MD,AL,MD,1124.99312,1,0.011,1
AL_ME,AL,ME,1934.600082,1,0.011,1
AL_MI,AL,MI,1120.400347,1,0.011,1
AL_MN,AL,MN,1478.653718,1,0.011,1
AL_MO,AL,MO,778.0612901,1,0.011,1
AL_MS,AL,MS,268.4348988,1,0.011,1
AL_MT,AL,MT,2580.23346,1,0.011,1
AL_NC,AL,NC,710.8387788,1,0.011,1
AL_ND,AL,ND,1915.724244,1,0.011,1
AL_NE,AL,NE,1304.368497,1,0.011,1
AL_NH,AL,NH,1747.422724,1,0.011,1
AL_NJ,AL,NJ,1373.320449,1,0.011,1
AL_NM,AL,NM,1819.338887,1,0.011,1
AL_NV,AL,NV,2712.65733,1,0.011,1
AL_NY,AL,NY,1427.889062,1,0.011,1
AL_OH,AL,OH,902.035467,1,0.011,1
AL_OK,AL,OK,970.204122,1,0.011,1
AL_OR,AL,OR,3334.913269,1,0.011,1
AL_PA,AL,PA,1199.632368,1,0.011,1
AL_RI,AL,RI,1663.253234,1,0.011,1
AL_SC,AL,SC,544.3600399,1,0.011,1
AL_SD,AL,SD,1621.239236,1,0.011,1
AL_TN,AL,TN,313.8528727,1,0.011,1
AL_TX,AL,TX,1029.168694,1,0.011,1
AL_UT,AL,UT,2382.266895,1,0.011,1
AL_VA,AL,VA,970.9551246,1,0.011,1
AL_VT,AL,VT,1726.106521,1,0.011,1
AL_WA,AL,WA,3328.568591,1,0.011,1
AL_WI,AL,WI,1208.96456,1,0.011,1
AL_WV,AL,WV,842.3715282,1,0.011,1
AL_WY,AL,WY,2074.678439,1,0.011,1
AR_AZ,AR,AZ,1775.659008,1,0.011,1
AR_CA,AR,CA,2419.97263,1,0.011,1
AR_CO,AR,CO,1211.318485,1,0.011,1
AR_CT,AR,CT,1861.919464,1,0.011,1
AR_DC,AR,DC,1449.875425,1,0.011,1
AR_DE,AR,DE,1583.330018,1,0.011,1
AR_FL,AR,FL,1323.506596,1,0.011,1
AR_GA,AR,GA,829.9362198,1,0.011,1
AR_IA,AR,IA,758.1826937,1,0.011,1
AR_ID,AR,ID,2169.998227,1,0.011,1
AR_IL,AR,IL,779.3028237,1,0.011,1
AR_IN,AR,IN,792.5536107,1,0.011,1
AR_KS,AR,KS,501.4390505,1,0.011,1
AR_KY,AR,KY,727.268645,1,0.011,1
AR_LA,AR,LA,503.3214455,1,0.011,1
AR_MA,AR,MA,2005.70834,1,0.011,1
AR_MD,AR,MD,1473.561425,1,0.011,1
AR_ME,AR,ME,2201.369006,1,0.011,1
AR_MI,AR,MI,1127.537554,1,0.011,1
AR_MN,AR,MN,1122.785153,1,0.011,1
AR_MO,AR,MO,367.5825415,1,0.011,1
AR_MS,AR,MS,401.8291529,1,0.011,1
AR_MT,AR,MT,2025.478379,1,0.011,1
AR_NC,AR,NC,1180.220781,1,0.011,1
AR_ND,AR,ND,1467.464758,1,0.011,1
AR_NE,AR,NE,785.4876725,1,0.011,1
AR_NH,AR,NH,2027.636607,1,0.011,1
AR_NJ,AR,NJ,1704.250941,1,0.011,1
AR_NM,AR,NM,1251.658312,1,0.011,1
AR_NV,AR,NV,2125.144376,1,0.011,1
AR_NY,AR,NY,1721.054696,1,0.011,1
AR_OH,AR,OH,1051.138043,1,0.011,1
AR_OK,AR,OK,382.5977306,1,0.011,1
AR_OR,AR,OR,2748.905393,1,0.011,1
AR_PA,AR,PA,1494.947136,1,0.011,1
AR_RI,AR,RI,1983.300997,1,0.011,1
AR_SC,AR,SC,1073.391449,1,0.011,1
AR_SD,AR,SD,1127.139478,1,0.011,1
AR_TN,AR,TN,576.0706697,1,0.011,1
AR_TX,AR,TX,644.7959905,1,0.011,1
AR_UT,AR,UT,1789.191307,1,0.011,1
AR_VA,AR,VA,1360.099258,1,0.011,1
AR_VT,AR,VT,1964.12622,1,0.011,1
AR_WA,AR,WA,2755.288278,1,0.011,1
AR_WI,AR,WI,1004.470383,1,0.011,1
AR_WV,AR,WV,1134.967525,1,0.011,1
AR_WY,AR,WY,1498.784095,1,0.011,1
AZ_CA,AZ,CA,727.5695506,1,0.011,1
AZ_CO,AZ,CO,907.0391788,1,0.011,1
AZ_CT,AZ,CT,3531.689197,1,0.011,1
AZ_DC,AZ,DC,3173.257761,1,0.011,1
AZ_DE,AZ,DE,3299.328952,1,0.011,1
AZ_FL,AZ,FL,2949.516069,1,0.011,1
AZ_GA,AZ,GA,2592.919883,1,0.011,1
AZ_IA,AZ,IA,1908.111493,1,0.011,1
AZ_ID,AZ,ID,1241.85033,1,0.011,1
AZ_IL,AZ,IL,2248.792013,1,0.011,1
AZ_IN,AZ,IN,2395.399723,1,0.011,1
AZ_KS,AZ,KS,1498.224203,1,0.011,1
AZ_KY,AZ,KY,2451.450644,1,0.011,1
AZ_LA,AZ,LA,1939.311067,1,0.011,1
AZ_MA,AZ,MA,3659.477135,1,0.011,1
AZ_MD,AZ,MD,3192.122844,1,0.011,1
AZ_ME,AZ,ME,3803.740492,1,0.011,1
AZ_MI,AZ,MI,2627.222009,1,0.011,1
AZ_MN,AZ,MN,2045.399022,1,0.011,1
AZ_MO,AZ,MO,1856.12524,1,0.011,1
AZ_MS,AZ,MS,2078.940194,1,0.011,1
AZ_MT,AZ,MT,1494.527146,1,0.011,1
AZ_NC,AZ,NC,2953.073684,1,0.011,1
AZ_ND,AZ,ND,1880.02744,1,0.011,1
AZ_NE,AZ,NE,1550.991814,1,0.011,1
AZ_NH,AZ,NH,3656.188807,1,0.011,1
AZ_NJ,AZ,NJ,3397.108485,1,0.011,1
AZ_NM,AZ,NM,527.1210949,1,0.011,1
AZ_NV,AZ,NV,569.4899528,1,0.011,1
AZ_NY,AZ,NY,3384.318564,1,0.011,1
AZ_OH,AZ,OH,2693.721158,1,0.011,1
AZ_OK,AZ,OK,1399.998891,1,0.011,1
AZ_OR,AZ,OR,1565.979752,1,0.011,1
AZ_PA,AZ,PA,3178.492267,1,0.011,1
AZ_RI,AZ,RI,3650.511699,1,0.011,1
AZ_SC,AZ,SC,2847.237506,1,0.011,1
AZ_SD,AZ,SD,1624.794973,1,0.011,1
AZ_TN,AZ,TN,2347.082155,1,0.011,1
AZ_TX,AZ,TX,1392.302129,1,0.011,1
AZ_UT,AZ,UT,782.9700025,1,0.011,1
AZ_VA,AZ,VA,3104.865779,1,0.011,1
AZ_VT,AZ,VT,3556.329656,1,0.011,1
AZ_WA,AZ,WA,1757.663641,1,0.011,1
AZ_WI,AZ,WI,2286.847435,1,0.011,1
AZ_WV,AZ,WV,2850.989639,1,0.011,1
AZ_WY,AZ,WY,1121.343923,1,0.011,1
CA_CO,CA,CO,1328.331714,1,0.011,1
CA_CT,CA,CT,4058.234401,1,0.011,1
CA_DC,CA,DC,3742.358864,1,0.011,1
CA_DE,CA,DE,3860.472098,1,0.011,1
CA_FL,CA,FL,3651.442357,1,0.011,1
CA_GA,CA,GA,3249.287872,1,0.011,1
CA_IA,CA,IA,2387.677973,1,0.011,1
CA_ID,CA,ID,1037.330566,1,0.011,1
CA_IL,CA,IL,2765.342222,1,0.011,1
CA_IN,CA,IN,2941.282082,1,0.011,1
CA_KS,CA,KS,2060.028143,1,0.011,1
CA_KY,CA,KY,3042.666649,1,0.011,1
CA_LA,CA,LA,2641.694587,1,0.011,1
CA_MA,CA,MA,4173.293683,1,0.011,1
CA_MD,CA,MD,3757.529888,1,0.011,1
CA_ME,CA,ME,4285.086154,1,0.011,1
CA_MI,CA,MI,3119.762711,1,0.011,1
CA_MN,CA,MN,2428.199853,1,0.011,1
CA_MO,CA,MO,2430.790457,1,0.011,1
CA_MS,CA,MS,2756.706338,1,0.011,1
CA_MT,CA,MT,1428.472846,1,0.011,1
CA_NC,CA,NC,3573.973816,1,0.011,1
CA_ND,CA,ND,2122.972026,1,0.011,1
CA_NE,CA,NE,2021.832359,1,0.011,1
CA_NH,CA,NH,4156.041997,1,0.011,1
CA_NJ,CA,NJ,3941.020638,1,0.011,1
CA_NM,CA,NM,1188.616122,1,0.011,1
CA_NV,CA,NV,332.7244613,1,0.011,1
CA_NY,CA,NY,3911.346439,1,0.011,1
CA_OH,CA,OH,3237.111411,1,0.011,1
CA_OK,CA,OK,2037.377574,1,0.011,1
CA_OR,CA,OR,1068.301982,1,0.011,1
CA_PA,CA,PA,3723.048743,1,0.011,1
CA_RI,CA,RI,4172.411478,1,0.011,1
CA_SC,CA,SC,3490.07421,1,0.011,1
CA_SD,CA,SD,1978.468069,1,0.011,1
CA_TN,CA,TN,2973.274446,1,0.011,1
CA_TX,CA,TX,2106.750904,1,0.011,1
CA_UT,CA,UT,853.7918933,1,0.011,1
CA_VA,CA,VA,3691.286566,1,0.011,1
CA_VT,CA,VT,4040.488566,1,0.011,1
CA_WA,CA,WA,1334.149703,1,0.011,1
CA_WI,CA,WI,2742.099468,1,0.011,1
CA_WV,CA,WV,3424.077366,1,0.011,1
CA_WY,CA,WY,1334.344692,1,0.011,1
CO_CT,CO,CT,2729.910196,1,0.011,1
CO_DC,CO,DC,2422.432171,1,0.011,1
CO_DE,CO,DE,2537.42625,1,0.011,1
CO_FL,CO,FL,2529.235648,1,0.011,1
CO_GA,CO,GA,2021.458546,1,0.011,1
CO_IA,CO,IA,1060.347608,1,0.011,1
CO_ID,CO,ID,979.4626335,1,0.011,1
CO_IL,CO,IL,1437.475568,1,0.011,1
CO_IN,CO,IN,1618.184873,1,0.011,1
CO_KS,CO,KS,765.6633427,1,0.011,1
CO_KY,CO,KY,1741.423648,1,0.011,1
CO_LA,CO,LA,1581.496685,1,0.011,1
CO_MA,CO,MA,2845.45222,1,0.011,1
CO_MD,CO,MD,2436.220292,1,0.011,1
CO_ME,CO,ME,2963.091734,1,0.011,1
CO_MI,CO,MI,1792.83803,1,0.011,1
CO_MN,CO,MN,1145.440016,1,0.011,1
CO_MO,CO,MO,1130.956599,1,0.011,1
CO_MS,CO,MS,1600.309811,1,0.011,1
CO_MT,CO,MT,948.809754,1,0.011,1
CO_NC,CO,NC,2290.092514,1,0.011,1
CO_ND,CO,ND,992.7334408,1,0.011,1
CO_NE,CO,NE,693.9699742,1,0.011,1
CO_NH,CO,NH,2829.857622,1,0.011,1
CO_NJ,CO,NJ,2614.088679,1,0.011,1
CO_NM,CO,NM,552.96532,1,0.011,1
CO_NV,CO,NV,1000.743645,1,0.011,1
CO_NY,CO,NY,2583.056078,1,0.011,1
CO_OH,CO,OH,1911.856429,1,0.011,1
CO_OK,CO,OK,857.1605082,1,0.011,1
CO_OR,CO,OR,1544.363959,1,0.011,1
CO_PA,CO,PA,2396.617694,1,0.011,1
CO_RI,CO,RI,2844.138767,1,0.011,1
CO_SC,CO,SC,2234.141071,1,0.011,1
CO_SD,CO,SD,717.7796964,1,0.011,1
CO_TN,CO,TN,1708.245418,1,0.011,1
CO_TX,CO,TX,1192.99567,1,0.011,1
CO_UT,CO,UT,581.5514734,1,0.011,1
CO_VA,CO,VA,2379.646875,1,0.011,1
CO_VT,CO,VT,2717.268336,1,0.011,1
CO_WA,CO,WA,1582.090509,1,0.011,1
CO_WI,CO,WI,1422.515807,1,0.011,1
CO_WV,CO,WV,2107.730977,1,0.011,1
CO_WY,CO,WY,385.867399,1,0.011,1
CT_DC,CT,DC,455.0098199,1,0.011,1
CT_DE,CT,DE,329.4149737,1,0.011,1
CT_FL,CT,FL,1719.175902,1,0.011,1
CT_GA,CT,GA,1326.770654,1,0.011,1
CT_IA,CT,IA,1672.810119,1,0.011,1
CT_ID,CT,ID,3429.53438,1,0.011,1
CT_IL,CT,IL,1293.9745,1,0.011,1
CT_IN,CT,IN,1136.631835,1,0.011,1
CT_KS,CT,KS,2033.500454,1,0.011,1
CT_KY,CT,KY,1135.24287,1,0.011,1
CT_LA,CT,LA,2054.466517,1,0.011,1
CT_MA,CT,MA,151.7088258,1,0.011,1
CT_MD,CT,MD,424.2744543,1,0.011,1
CT_ME,CT,ME,403.3191314,1,0.011,1
CT_MI,CT,MI,947.3421061,1,0.011,1
CT_MN,CT,MN,1721.114719,1,0.011,1
CT_MO,CT,MO,1680.893804,1,0.011,1
CT_MS,CT,MS,1780.369409,1,0.011,1
CT_MT,CT,MT,3094.816906,1,0.011,1
CT_NC,CT,NC,887.6384233,1,0.011,1
CT_ND,CT,ND,2189.386509,1,0.011,1
CT_NE,CT,NE,2037.050508,1,0.011,1
CT_NH,CT,NH,217.7983252,1,0.011,1
CT_NJ,CT,NJ,176.8520693,1,0.011,1
CT_NM,CT,NM,3012.601979,1,0.011,1
CT_NV,CT,NV,3729.834998,1,0.011,1
CT_NY,CT,NY,147.5460656,1,0.011,1
CT_OH,CT,OH,839.1509107,1,0.011,1
CT_OK,CT,OK,2179.065265,1,0.011,1
CT_OR,CT,OR,3992.479389,1,0.011,1
CT_PA,CT,PA,367.0639659,1,0.011,1
CT_RI,CT,RI,121.4381194,1,0.011,1
CT_SC,CT,SC,1097.041899,1,0.011,1
CT_SD,CT,SD,2145.650745,1,0.011,1
CT_TN,CT,TN,1330.214445,1,0.011,1
CT_TX,CT,TX,2484.38925,1,0.011,1
CT_UT,CT,UT,3257.781769,1,0.011,1
CT_VA,CT,VA,589.5882903,1,0.011,1
CT_VT,CT,VT,289.3863518,1,0.011,1
CT_WA,CT,WA,3865.740408,1,0.011,1
CT_WI,CT,WI,1344.73763,1,0.011,1
CT_WV,CT,WV,732.9553071,1,0.011,1
CT_WY,CT,WY,2805.247222,1,0.011,1
DC_DE,DC,DE,135.3841776,1,0.011,1
DC_FL,DC,FL,1306.83329,1,0.011,1
DC_GA,DC,GA,871.9964066,1,0.011,1
DC_IA,DC,IA,1397.027501,1,0.011,1
DC_ID,DC,ID,3205.348756,1,0.011,1
DC_IL,DC,IL,1002.563261,1,0.011,1
DC_IN,DC,IN,805.1346202,1,0.011,1
DC_KS,DC,KS,1686.800096,1,0.011,1
DC_KY,DC,KY,728.0786977,1,0.011,1
DC_LA,DC,LA,1605.300225,1,0.011,1
DC_MA,DC,MA,606.5909676,1,0.011,1
DC_MD,DC,MD,31.65576696,1,0.011,1
DC_ME,DC,ME,852.1459744,1,0.011,1
DC_MI,DC,MI,748.7751795,1,0.011,1
DC_MN,DC,MN,1533.748199,1,0.011,1
DC_MO,DC,MO,1319.597381,1,0.011,1
DC_MS,DC,MS,1333.560745,1,0.011,1
DC_MT,DC,MT,2906.873272,1,0.011,1
DC_NC,DC,NC,442.0566427,1,0.011,1
DC_ND,DC,ND,2031.0658,1,0.011,1
DC_NE,DC,NE,1744.469123,1,0.011,1
DC_NH,DC,NH,663.4026616,1,0.011,1
DC_NJ,DC,NJ,278.7566204,1,0.011,1
DC_NM,DC,NM,2647.881614,1,0.011,1
DC_NV,DC,NV,3420.419231,1,0.011,1
DC_NY,DC,NY,352.0456551,1,0.011,1
DC_OH,DC,OH,521.5740329,1,0.011,1
DC_OK,DC,OK,1790.558793,1,0.011,1
DC_OR,DC,OR,3784.62764,1,0.011,1
DC_PA,DC,PA,172.0897483,1,0.011,1
DC_RI,DC,RI,568.2199184,1,0.011,1
DC_SC,DC,SC,651.0411634,1,0.011,1
DC_SD,DC,SD,1913.938325,1,0.011,1
DC_TN,DC,TN,895.0101241,1,0.011,1
DC_TX,DC,TX,2054.622383,1,0.011,1
DC_UT,DC,UT,2976.923301,1,0.011,1
DC_VA,DC,VA,140.8927263,1,0.011,1
DC_VT,DC,VT,674.8162141,1,0.011,1
DC_WA,DC,WA,3689.44413,1,0.011,1
DC_WI,DC,WI,1136.847904,1,0.011,1
DC_WV,DC,WV,322.3014334,1,0.011,1
DC_WY,DC,WY,2549.875144,1,0.011,1
DE_FL,DE,FL,1402.033227,1,0.011,1
DE_GA,DE,GA,999.738403,1,0.011,1
DE_IA,DE,IA,1501.527748,1,0.011,1
DE_ID,DE,ID,3302.081733,1,0.011,1
DE_IL,DE,IL,1108.296972,1,0.011,1
DE_IN,DE,IN,919.4643069,1,0.011,1
DE_KS,DE,KS,1808.921032,1,0.011,1
DE_KY,DE,KY,859.5060808,1,0.011,1
DE_LA,DE,LA,1739.434019,1,0.011,1
DE_MA,DE,MA,479.4774118,1,0.011,1
DE_MD,DE,MD,109.7734152,1,0.011,1
DE_ME,DE,ME,731.6415279,1,0.011,1
DE_MI,DE,MI,823.9508654,1,0.011,1
DE_MN,DE,MN,1615.905453,1,0.011,1
DE_MO,DE,MO,1443.865219,1,0.011,1
DE_MS,DE,MS,1468.291096,1,0.011,1
DE_MT,DE,MT,2994.068532,1,0.011,1
DE_NC,DE,NC,558.2644096,1,0.011,1
DE_ND,DE,ND,2108.034445,1,0.011,1
DE_NE,DE,NE,1854.536377,1,0.011,1
DE_NH,DE,NH,543.8328459,1,0.011,1
DE_NJ,DE,NJ,153.3996177,1,0.011,1
DE_NM,DE,NM,2774.752591,1,0.011,1
DE_NV,DE,NV,3536.945602,1,0.011,1
DE_NY,DE,NY,250.8506301,1,0.011,1
DE_OH,DE,OH,627.1960826,1,0.011,1
DE_OK,DE,OK,1920.818817,1,0.011,1
DE_OR,DE,OR,3878.106095,1,0.011,1
DE_PA,DE,PA,174.3831161,1,0.011,1
DE_RI,DE,RI,437.7356359,1,0.011,1
DE_SC,DE,SC,767.745715,1,0.011,1
DE_SD,DE,SD,2009.594595,1,0.011,1
DE_TN,DE,TN,1030.301068,1,0.011,1
DE_TX,DE,TX,2189.876063,1,0.011,1
DE_UT,DE,UT,3086.722881,1,0.011,1
DE_VA,DE,VA,261.1066996,1,0.011,1
DE_VT,DE,VT,574.3060225,1,0.011,1
DE_WA,DE,WA,3774.933204,1,0.011,1
DE_WI,DE,WI,1221.24386,1,0.011,1
DE_WV,DE,WV,451.3099936,1,0.011,1
DE_WY,DE,WY,2653.05724,1,0.011,1
FL_GA,FL,GA,654.4096075,1,0.011,1
FL_IA,FL,IA,1881.245126,1,0.011,1
FL_ID,FL,ID,3493.484872,1,0.011,1
FL_IL,FL,IL,1619.598155,1,0.011,1
FL_IN,FL,IN,1436.10352,1,0.011,1
FL_KS,FL,KS,1814.519658,1,0.011,1
FL_KY,FL,KY,1162.91818,1,0.011,1
FL_LA,FL,LA,1010.653184,1,0.011,1
FL_MA,FL,MA,1858.401327,1,0.011,1
FL_MD,FL,MD,1337.362873,1,0.011,1
FL_ME,FL,ME,2119.395266,1,0.011,1
FL_MI,FL,MI,1691.20249,1,0.011,1
FL_MN,FL,MN,2204.064043,1,0.011,1
FL_MO,FL,MO,1534.099584,1,0.011,1
FL_MS,FL,MS,928.9406191,1,0.011,1
FL_MT,FL,MT,3335.241369,1,0.011,1
FL_NC,FL,NC,879.8043951,1,0.011,1
FL_ND,FL,ND,2661.126115,1,0.011,1
FL_NE,FL,NE,2061.237004,1,0.011,1
FL_NH,FL,NH,1936.935426,1,0.011,1
FL_NJ,FL,NJ,1551.877504,1,0.011,1
FL_NM,FL,NM,2463.885856,1,0.011,1
FL_NV,FL,NV,3385.52193,1,0.011,1
FL_NY,FL,NY,1650.950037,1,0.011,1
FL_OH,FL,OH,1410.061706,1,0.011,1
FL_OK,FL,OK,1675.414617,1,0.011,1
FL_OR,FL,OR,4071.177233,1,0.011,1
FL_PA,FL,PA,1469.206196,1,0.011,1
FL_RI,FL,RI,1806.360039,1,0.011,1
FL_SC,FL,SC,693.1104005,1,0.011,1
FL_SD,FL,SD,2376.751441,1,0.011,1
FL_TN,FL,TN,993.7249102,1,0.011,1
FL_TX,FL,TX,1561.926007,1,0.011,1
FL_UT,FL,UT,3100.573565,1,0.011,1
FL_VA,FL,VA,1167.969102,1,0.011,1
FL_VT,FL,VT,1975.758185,1,0.011,1
FL_WA,FL,WA,4077.149426,1,0.011,1
FL_WI,FL,WI,1889.291951,1,0.011,1
FL_WV,FL,WV,1224.625008,1,0.011,1
FL_WY,FL,WY,2820.976486,1,0.011,1
GA_IA,GA,IA,1247.565234,1,0.011,1
GA_ID,GA,ID,2949.558742,1,0.011,1
GA_IL,GA,IL,965.8192308,1,0.011,1
GA_IN,GA,IN,782.9300495,1,0.011,1
GA_KS,GA,KS,1265.070432,1,0.011,1
GA_KY,GA,KY,510.1877436,1,0.011,1
GA_LA,GA,LA,777.7655349,1,0.011,1
GA_MA,GA,MA,1478.11111,1,0.011,1
GA_MD,GA,MD,903.0809465,1,0.011,1
GA_ME,GA,ME,1722.968478,1,0.011,1
GA_MI,GA,MI,1057.435032,1,0.011,1
GA_MN,GA,MN,1556.274714,1,0.011,1
GA_MO,GA,MO,936.1198257,1,0.011,1
GA_MS,GA,MS,538.5005175,1,0.011,1
GA_MT,GA,MT,2749.97345,1,0.011,1
GA_NC,GA,NC,456.9605028,1,0.011,1
GA_ND,GA,ND,2025.094063,1,0.011,1
GA_NE,GA,NE,1469.760751,1,0.011,1
GA_NH,GA,NH,1534.31134,1,0.011,1
GA_NJ,GA,NJ,1150.067622,1,0.011,1
GA_NM,GA,NM,2074.171861,1,0.011,1
GA_NV,GA,NV,2954.891163,1,0.011,1
GA_NY,GA,NY,1217.66799,1,0.011,1
GA_OH,GA,OH,794.3722138,1,0.011,1
GA_OK,GA,OK,1212.313131,1,0.011,1
GA_OR,GA,OR,3536.286577,1,0.011,1
GA_PA,GA,PA,997.0077807,1,0.011,1
GA_RI,GA,RI,1437.468095,1,0.011,1
GA_SC,GA,SC,275.6282093,1,0.011,1
GA_SD,GA,SD,1763.285657,1,0.011,1
GA_TN,GA,TN,352.4806199,1,0.011,1
GA_TX,GA,TX,1299.217814,1,0.011,1
GA_UT,GA,UT,2602.917852,1,0.011,1
GA_VA,GA,VA,738.7450917,1,0.011,1
GA_VT,GA,VT,1529.401601,1,0.011,1
GA_WA,GA,WA,3512.74909,1,0.011,1
GA_WI,GA,WI,1234.882506,1,0.011,1
GA_WV,GA,WV,666.8000617,1,0.011,1
GA_WY,GA,WY,2268.12509,1,0.011,1
IA_ID,IA,ID,1814.075062,1,0.011,1
IA_IL,IA,IL,394.4850436,1,0.011,1
IA_IN,IA,IN,603.2181656,1,0.011,1
IA_KS,IA,KS,484.1873438,1,0.011,1
IA_KY,IA,KY,808.0307804,1,0.011,1
IA_LA,IA,LA,1256.77599,1,0.011,1
IA_MA,IA,MA,1785.642868,1,0.011,1
IA_MD,IA,MD,1406.586358,1,0.011,1
IA_ME,IA,ME,1905.420613,1,0.011,1
IA_MI,IA,MI,732.4965596,1,0.011,1
IA_MN,IA,MN,365.2019298,1,0.011,1
IA_MO,IA,MO,398.5201186,1,0.011,1
IA_MS,IA,MS,1085.317703,1,0.011,1
IA_MT,IA,MT,1546.325661,1,0.011,1
IA_NC,IA,NC,1360.612329,1,0.011,1
IA_ND,IA,ND,779.9020171,1,0.011,1
IA_NE,IA,NE,366.5394759,1,0.011,1
IA_NH,IA,NH,1769.591207,1,0.011,1
IA_NJ,IA,NJ,1564.922529,1,0.011,1
IA_NM,IA,NM,1417.699797,1,0.011,1
IA_NV,IA,NV,2058.021724,1,0.011,1
IA_NY,IA,NY,1526.709701,1,0.011,1
IA_OH,IA,OH,875.9440289,1,0.011,1
IA_OK,IA,OK,779.3615871,1,0.011,1
IA_OR,IA,OR,2398.419376,1,0.011,1
IA_PA,IA,PA,1350.439795,1,0.011,1
IA_RI,IA,RI,1785.588673,1,0.011,1
IA_SC,IA,SC,1372.503764,1,0.011,1
IA_SD,IA,SD,537.6118006,1,0.011,1
IA_TN,IA,TN,895.2913433,1,0.011,1
IA_TX,IA,TX,1288.290876,1,0.011,1
IA_UT,IA,UT,1588.350228,1,0.011,1
IA_VA,IA,VA,1377.819508,1,0.011,1
IA_VT,IA,VT,1658.83582,1,0.011,1
IA_WA,IA,WA,2327.400568,1,0.011,1
IA_WI,IA,WI,382.3454125,1,0.011,1
IA_WV,IA,WV,1100.07013,1,0.011,1
IA_WY,IA,WY,1152.851044,1,0.011,1
ID_IL,ID,IL,2206.561004,1,0.011,1
ID_IN,ID,IN,2417.117727,1,0.011,1
ID_KS,ID,KS,1687.89542,1,0.011,1
ID_KY,ID,KY,2598.713081,1,0.011,1
ID_LA,ID,LA,2560.736275,1,0.011,1
ID_MA,ID,MA,3519.130665,1,0.011,1
ID_MD,ID,MD,3212.597079,1,0.011,1
ID_ME,ID,ME,3577.873324,1,0.011,1
ID_MI,ID,MI,2490.273229,1,0.011,1
ID_MN,ID,MN,1709.254843,1,0.011,1
ID_MO,ID,MO,2020.393259,1,0.011,1
ID_MS,ID,MS,2567.107591,1,0.011,1
ID_MT,ID,MT,416.9715272,1,0.011,1
ID_NC,ID,NC,3158.211163,1,0.011,1
ID_ND,ID,ND,1278.694127,1,0.011,1
ID_NE,ID,NE,1498.792667,1,0.011,1
ID_NH,ID,NH,3480.938887,1,0.011,1
ID_NJ,ID,NJ,3347.352086,1,0.011,1
ID_NM,ID,NM,1308.674127,1,0.011,1
ID_NV,ID,NV,803.5478404,1,0.011,1
ID_NY,ID,NY,3290.147723,1,0.011,1
ID_OH,ID,OH,2684.15242,1,0.011,1
ID_OK,ID,OK,1832.544399,1,0.011,1
ID_OR,ID,OR,588.7100799,1,0.011,1
ID_PA,ID,PA,3141.581353,1,0.011,1
ID_RI,ID,RI,3531.249225,1,0.011,1
ID_SC,ID,SC,3135.528233,1,0.011,1
ID_SD,ID,SD,1292.490138,1,0.011,1
ID_TN,ID,TN,2615.288886,1,0.011,1
ID_TX,ID,TX,2152.705302,1,0.011,1
ID_UT,ID,UT,503.4120243,1,0.011,1
ID_VA,ID,VA,3191.764136,1,0.011,1
ID_VT,ID,VT,3346.786428,1,0.011,1
ID_WA,ID,WA,606.489076,1,0.011,1
ID_WI,ID,WI,2088.819537,1,0.011,1
ID_WV,ID,WV,2914.035273,1,0.011,1
ID_WY,ID,WY,681.8851773,1,0.011,1
IL_IN,IL,IN,219.3592597,1,0.011,1
IL_KS,IL,KS,757.5334978,1,0.011,1
IL_KY,IL,KY,470.0018315,1,0.011,1
IL_LA,IL,LA,1209.182706,1,0.011,1
IL_MA,IL,MA,1414.606672,1,0.011,1
IL_MD,IL,MD,1012.35382,1,0.011,1
IL_ME,IL,ME,1556.41683,1,0.011,1
IL_MI,IL,MI,387.0230086,1,0.011,1
IL_MN,IL,MN,606.0547603,1,0.011,1
IL_MO,IL,MO,456.1470268,1,0.011,1
IL_MS,IL,MS,973.850129,1,0.011,1
IL_MT,IL,MT,1926.261061,1,0.011,1
IL_NC,IL,NC,992.9174063,1,0.011,1
IL_ND,IL,ND,1100.243211,1,0.011,1
IL_NE,IL,NE,747.9232216,1,0.011,1
IL_NH,IL,NH,1407.642686,1,0.011,1
IL_NJ,IL,NJ,1177.18067,1,0.011,1
IL_NM,IL,NM,1738.70301,1,0.011,1
IL_NV,IL,NV,2438.157513,1,0.011,1
IL_NY,IL,NY,1146.712632,1,0.011,1
IL_OH,IL,OH,481.765387,1,0.011,1
IL_OK,IL,OK,970.7744645,1,0.011,1
IL_OR,IL,OR,2789.283737,1,0.011,1
IL_PA,IL,PA,960.6495899,1,0.011,1
IL_RI,IL,RI,1409.84958,1,0.011,1
IL_SC,IL,SC,1035.871597,1,0.011,1
IL_SD,IL,SD,920.6393588,1,0.011,1
IL_TN,IL,TN,634.9019599,1,0.011,1
IL_TX,IL,TX,1408.585042,1,0.011,1
IL_UT,IL,UT,1978.864598,1,0.011,1
IL_VA,IL,VA,985.6955202,1,0.011,1
IL_VT,IL,VT,1309.152456,1,0.011,1
IL_WA,IL,WA,2709.464562,1,0.011,1
IL_WI,IL,WI,276.2442036,1,0.011,1
IL_WV,IL,WV,708.2295154,1,0.011,1
IL_WY,IL,WY,1547.33169,1,0.011,1
IN_KS,IN,KS,897.6281104,1,0.011,1
IN_KY,IN,KY,273.197624,1,0.011,1
IN_LA,IN,LA,1152.151499,1,0.011,1
IN_MA,IN,MA,1267.783586,1,0.011,1
IN_MD,IN,MD,818.1624236,1,0.011,1
IN_ME,IN,ME,1435.611624,1,0.011,1
IN_MI,IN,MI,347.7517836,1,0.011,1
IN_MN,IN,MN,821.1468692,1,0.011,1
IN_MO,IN,MO,546.8274707,1,0.011,1
IN_MS,IN,MS,892.3770796,1,0.011,1
IN_MT,IN,MT,2143.551796,1,0.011,1
IN_NC,IN,NC,773.8740261,1,0.011,1
IN_ND,IN,ND,1318.256891,1,0.011,1
IN_NE,IN,NE,940.2233018,1,0.011,1
IN_NH,IN,NH,1273.302211,1,0.011,1
IN_NJ,IN,NJ,1004.056784,1,0.011,1
IN_NM,IN,NM,1876.039142,1,0.011,1
IN_NV,IN,NV,2617.481521,1,0.011,1
IN_NY,IN,NY,989.4815985,1,0.011,1
IN_OH,IN,OH,298.5867594,1,0.011,1
IN_OK,IN,OK,1057.415179,1,0.011,1
IN_OR,IN,OR,3001.624864,1,0.011,1
IN_PA,IN,PA,785.1638761,1,0.011,1
IN_RI,IN,RI,1256.08103,1,0.011,1
IN_SC,IN,SC,825.1664551,1,0.011,1
IN_SD,IN,SD,1136.270471,1,0.011,1
IN_TN,IN,TN,483.4033336,1,0.011,1
IN_TX,IN,TX,1437.30392,1,0.011,1
IN_UT,IN,UT,2172.23092,1,0.011,1
IN_VA,IN,VA,775.7172555,1,0.011,1
IN_VT,IN,VT,1191.785874,1,0.011,1
IN_WA,IN,WA,2926.375266,1,0.011,1
IN_WI,IN,WI,459.0698383,1,0.011,1
IN_WV,IN,WV,498.2242023,1,0.011,1
IN_WY,IN,WY,1751.9441,1,0.011,1
KS_KY,KS,KY,983.5046112,1,0.011,1
KS_LA,KS,LA,973.0740129,1,0.011,1
KS_MA,KS,MA,2161.674852,1,0.011,1
KS_MD,KS,MD,1703.606934,1,0.011,1
KS_ME,KS,ME,2313.151971,1,0.011,1
KS_MI,KS,MI,1142.822419,1,0.011,1
KS_MN,KS,MN,787.0712505,1,0.011,1
KS_MO,KS,MO,370.8883877,1,0.011,1
KS_MS,KS,MS,902.561365,1,0.011,1
KS_MT,KS,MT,1525.063995,1,0.011,1
KS_NC,KS,NC,1525.933934,1,0.011,1
KS_ND,KS,ND,1015.891118,1,0.011,1
KS_NE,KS,NE,310.4798359,1,0.011,1
KS_NH,KS,NH,2160.65662,1,0.011,1
KS_NJ,KS,NJ,1900.954057,1,0.011,1
KS_NM,KS,NM,982.400624,1,0.011,1
KS_NV,KS,NV,1743.784407,1,0.011,1
KS_NY,KS,NY,1886.107153,1,0.011,1
KS_OH,KS,OH,1196.173304,1,0.011,1
KS_OK,KS,OK,320.850462,1,0.011,1
KS_OR,KS,OR,2272.79162,1,0.011,1
KS_PA,KS,PA,1682.090256,1,0.011,1
KS_RI,KS,RI,2152.292491,1,0.011,1
KS_SC,KS,SC,1469.382648,1,0.011,1
KS_SD,KS,SD,653.4958637,1,0.011,1
KS_TN,KS,TN,943.446394,1,0.011,1
KS_TX,KS,TX,845.6213501,1,0.011,1
KS_UT,KS,UT,1345.432809,1,0.011,1
KS_VA,KS,VA,1631.406285,1,0.011,1
KS_VT,KS,VT,2066.088964,1,0.011,1
KS_WA,KS,WA,2263.543389,1,0.011,1
KS_WI,KS,WI,854.1054281,1,0.011,1
KS_WV,KS,WV,1366.343552,1,0.011,1
KS_WY,KS,WY,1009.15975,1,0.011,1
KY_LA,KY,LA,978.2710999,1,0.011,1
KY_MA,KY,MA,1280.275871,1,0.011,1
KY_MD,KY,MD,750.0405823,1,0.011,1
KY_ME,KY,ME,1484.721288,1,0.011,1
KY_MI,KY,MI,568.5950458,1,0.011,1
KY_MN,KY,MN,1074.450912,1,0.011,1
KY_MO,KY,MO,612.7644775,1,0.011,1
KY_MS,KY,MS,703.3907044,1,0.011,1
KY_MT,KY,MT,2351.958312,1,0.011,1
KY_NC,KY,NC,559.4988561,1,0.011,1
KY_ND,KY,ND,1562.320382,1,0.011,1
KY_NE,KY,NE,1100.910619,1,0.011,1
KY_NH,KY,NH,1306.590617,1,0.011,1
KY_NJ,KY,NJ,977.1033227,1,0.011,1
KY_NM,KY,NM,1924.848852,1,0.011,1
KY_NV,KY,NV,2727.281677,1,0.011,1
KY_NY,KY,NY,995.7752626,1,0.011,1
KY_OH,KY,OH,362.7494582,1,0.011,1
KY_OK,KY,OK,1062.779193,1,0.011,1
KY_OR,KY,OR,3186.841372,1,0.011,1
KY_PA,KY,PA,768.1789253,1,0.011,1
KY_RI,KY,RI,1256.533463,1,0.011,1
KY_SC,KY,SC,569.2794497,1,0.011,1
KY_SD,KY,SD,1344.572538,1,0.011,1
KY_TN,KY,TN,245.3777304,1,0.011,1
KY_TX,KY,TX,1352.74066,1,0.011,1
KY_UT,KY,UT,2313.20762,1,0.011,1
KY_VA,KY,VA,653.5847667,1,0.011,1
KY_VT,KY,VT,1254.271465,1,0.011,1
KY_WA,KY,WA,3130.456663,1,0.011,1
KY_WI,KY,WI,729.6454123,1,0.011,1
KY_WV,KY,WV,408.8116993,1,0.011,1
KY_WY,KY,WY,1921.934355,1,0.011,1
LA_MA,LA,MA,2205.538759,1,0.011,1
LA_MD,LA,MD,1634.325045,1,0.011,1
LA_ME,LA,ME,2433.116414,1,0.011,1
LA_MI,LA,MI,1499.609669,1,0.011,1
LA_MN,LA,MN,1621.977739,1,0.011,1
LA_MO,LA,MO,859.5802214,1,0.011,1
LA_MS,LA,MS,277.3833646,1,0.011,1
LA_MT,LA,MT,2466.220752,1,0.011,1
LA_NC,LA,NC,1227.567342,1,0.011,1
LA_ND,LA,ND,1967.430121,1,0.011,1
LA_NE,LA,NE,1274.7393,1,0.011,1
LA_NH,LA,NH,2247.936207,1,0.011,1
LA_NJ,LA,NJ,1881.713484,1,0.011,1
LA_NM,LA,NM,1455.670639,1,0.011,1
LA_NV,LA,NV,2381.366314,1,0.011,1
LA_NY,LA,NY,1928.751469,1,0.011,1
LA_OH,LA,OH,1340.761422,1,0.011,1
LA_OK,LA,OK,734.683571,1,0.011,1
LA_OR,LA,OR,3121.150749,1,0.011,1
LA_PA,LA,PA,1698.267714,1,0.011,1
LA_RI,LA,RI,2171.628374,1,0.011,1
LA_SC,LA,SC,1052.823574,1,0.011,1
LA_SD,LA,SD,1619.465406,1,0.011,1
LA_TN,LA,TN,742.3327786,1,0.011,1
LA_TX,LA,TX,559.9754395,1,0.011,1
LA_UT,LA,UT,2131.393783,1,0.011,1
LA_VA,LA,VA,1484.984583,1,0.011,1
LA_VT,LA,VT,2215.172943,1,0.011,1
LA_WA,LA,WA,3160.857519,1,0.011,1
LA_WI,LA,WI,1463.592483,1,0.011,1
LA_WV,LA,WV,1332.740522,1,0.011,1
LA_WY,LA,WY,1915.607055,1,0.011,1
MA_MD,MA,MD,575.9326223,1,0.011,1
MA_ME,MA,ME,261.4179574,1,0.011,1
MA_MI,MA,MI,1054.401495,1,0.011,1
MA_MN,MA,MN,1810.201782,1,0.011,1
MA_MO,MA,MO,1814.057112,1,0.011,1
MA_MS,MA,MS,1931.113002,1,0.011,1
MA_MT,MA,MT,3174.76832,1,0.011,1
MA_NC,MA,NC,1036.995358,1,0.011,1
MA_ND,MA,ND,2265.681517,1,0.011,1
MA_NE,MA,NE,2151.55646,1,0.011,1
MA_NH,MA,NH,98.58425009,1,0.011,1
MA_NJ,MA,NJ,328.0508058,1,0.011,1
MA_NM,MA,NM,3142.85551,1,0.011,1
MA_NV,MA,NV,3843.573539,1,0.011,1
MA_NY,MA,NY,284.6555845,1,0.011,1
MA_OH,MA,OH,972.8890928,1,0.011,1
MA_OK,MA,OK,2316.884009,1,0.011,1
MA_OR,MA,OR,4075.644936,1,0.011,1
MA_PA,MA,PA,513.3997519,1,0.011,1
MA_RI,MA,RI,58.20709573,1,0.011,1
MA_SC,MA,SC,1246.071849,1,0.011,1
MA_SD,MA,SD,2243.16906,1,0.011,1
MA_TN,MA,TN,1479.349302,1,0.011,1
MA_TX,MA,TX,2631.376904,1,0.011,1
MA_UT,MA,UT,3364.381767,1,0.011,1
MA_VA,MA,VA,740.3086907,1,0.011,1
MA_VT,MA,VT,234.8322826,1,0.011,1
MA_WA,MA,WA,3939.588326,1,0.011,1
MA_WI,MA,WI,1444.588966,1,0.011,1
MA_WV,MA,WV,881.1547999,1,0.011,1
MA_WY,MA,WY,2906.027013,1,0.011,1
MD_ME,MD,ME,820.7267653,1,0.011,1
MD_MI,MD,MI,748.1655858,1,0.011,1
MD_MN,MD,MN,1536.036045,1,0.011,1
MD_MO,MD,MO,1337.392396,1,0.011,1
MD_MS,MD,MS,1362.095774,1,0.011,1
MD_MT,MD,MT,2911.054965,1,0.011,1
MD_NC,MD,NC,473.6648643,1,0.011,1
MD_ND,MD,ND,2032.01868,1,0.011,1
MD_NE,MD,NE,1756.208291,1,0.011,1
MD_NH,MD,NH,631.9773088,1,0.011,1
MD_NJ,MD,NJ,248.4305856,1,0.011,1
MD_NM,MD,NM,2667.153518,1,0.011,1
MD_NV,MD,NV,3434.909877,1,0.011,1
MD_NY,MD,NY,320.4073826,1,0.011,1
MD_OH,MD,OH,530.6438627,1,0.011,1
MD_OK,MD,OK,1811.796202,1,0.011,1
MD_OR,MD,OR,3790.871638,1,0.011,1
MD_PA,MD,PA,147.675085,1,0.011,1
MD_RI,MD,RI,538.2609834,1,0.011,1
MD_SC,MD,SC,682.686734,1,0.011,1
MD_SD,MD,SD,1920.617462,1,0.011,1
MD_TN,MD,TN,921.3832949,1,0.011,1
MD_TX,MD,TX,2080.802099,1,0.011,1
MD_UT,MD,UT,2988.7347,1,0.011,1
MD_VA,MD,VA,172.3921041,1,0.011,1
MD_VT,MD,VT,643.3556595,1,0.011,1
MD_WA,MD,WA,3693.195686,1,0.011,1
MD_WI,MD,WI,1139.555588,1,0.011,1
MD_WV,MD,WV,342.3505151,1,0.011,1
MD_WY,MD,WY,2559.237337,1,0.011,1
ME_MI,ME,MI,1176.928754,1,0.011,1
ME_MN,ME,MN,1881.169535,1,0.011,1
ME_MO,ME,MO,1980.598653,1,0.011,1
ME_MS,ME,MS,2156.735182,1,0.011,1
ME_MT,ME,MT,3215.84824,1,0.011,1
ME_NC,ME,NC,1289.643729,1,0.011,1
ME_ND,ME,ND,2306.332201,1,0.011,1
ME_NE,ME,NE,2271.330272,1,0.011,1
ME_NH,ME,NH,188.7506894,1,0.011,1
ME_NJ,ME,NJ,578.2666499,1,0.011,1
ME_NM,ME,NM,3295.05281,1,0.011,1
ME_NV,ME,NV,3953.224133,1,0.011,1
ME_NY,ME,NY,506.9325809,1,0.011,1
ME_OH,ME,OH,1152.370516,1,0.011,1
ME_OK,ME,OK,2492.913897,1,0.011,1
ME_OR,ME,OR,4119.266753,1,0.011,1
ME_PA,ME,PA,735.4823799,1,0.011,1
ME_RI,ME,RI,315.9028777,1,0.011,1
ME_SC,ME,SC,1499.235173,1,0.011,1
ME_SD,ME,SD,2326.048908,1,0.011,1
ME_TN,ME,TN,1697.710846,1,0.011,1
ME_TX,ME,TX,2836.596244,1,0.011,1
ME_UT,ME,UT,3459.680092,1,0.011,1
ME_VA,ME,VA,989.844304,1,0.011,1
ME_VT,ME,VT,247.4116749,1,0.011,1
ME_WA,ME,WA,3965.330229,1,0.011,1
ME_WI,ME,WI,1542.988131,1,0.011,1
ME_WV,ME,WV,1100.686279,1,0.011,1
ME_WY,ME,WY,2990.978665,1,0.011,1
MI_MN,MI,MN,792.5502949,1,0.011,1
MI_MO,MI,MO,836.4104724,1,0.011,1
MI_MS,MI,MS,1237.559511,1,0.011,1
MI_MT,MI,MT,2171.963564,1,0.011,1
MI_NC,MI,NC,905.1674121,1,0.011,1
MI_ND,MI,ND,1284.603613,1,0.011,1
MI_NE,MI,NE,1098.992897,1,0.011,1
MI_NH,MI,NH,1037.159256,1,0.011,1
MI_NJ,MI,NJ,857.1790725,1,0.011,1
MI_NM,MI,NM,2121.691044,1,0.011,1
MI_NV,MI,NV,2789.572498,1,0.011,1
MI_NY,MI,NY,803.8013091,1,0.011,1
MI_OH,MI,OH,294.7186862,1,0.011,1
MI_OK,MI,OK,1354.019253,1,0.011,1
MI_OR,MI,OR,3060.866752,1,0.011,1
MI_PA,MI,PA,655.945611,1,0.011,1
MI_RI,MI,RI,1056.845045,1,0.011,1
MI_SC,MI,SC,1023.308652,1,0.011,1
MI_SD,MI,SD,1200.937635,1,0.011,1
MI_TN,MI,TN,807.6581331,1,0.011,1
MI_TX,MI,TX,1769.597894,1,0.011,1
MI_UT,MI,UT,2311.264115,1,0.011,1
MI_VA,MI,VA,782.3207213,1,0.011,1
MI_VT,MI,VT,929.6138297,1,0.011,1
MI_WA,MI,WA,2951.701113,1,0.011,1
MI_WI,MI,WI,401.541817,1,0.011,1
MI_WV,MI,WV,540.1104373,1,0.011,1
MI_WY,MI,WY,1858.205846,1,0.011,1
MN_MO,MN,MO,763.2721424,1,0.011,1
MN_MS,MN,MS,1445.622365,1,0.011,1
MN_MT,MN,MT,1379.763983,1,0.011,1
MN_NC,MN,NC,1592.654497,1,0.011,1
MN_ND,MN,ND,502.0966546,1,0.011,1
MN_NE,MN,NE,541.48266,1,0.011,1
MN_NH,MN,NH,1774.458132,1,0.011,1
MN_NJ,MN,NJ,1646.506327,1,0.011,1
MN_NM,MN,NM,1601.071244,1,0.011,1
MN_NV,MN,NV,2095.62526,1,0.011,1
MN_NY,MN,NY,1583.314118,1,0.011,1
MN_OH,MN,OH,1027.62314,1,0.011,1
MN_OK,MN,OK,1104.034,1,0.011,1
MN_OR,MN,OR,2272.385942,1,0.011,1
MN_PA,MN,PA,1448.47946,1,0.011,1
MN_RI,MN,RI,1822.00539,1,0.011,1
MN_SC,MN,SC,1641.844341,1,0.011,1
MN_SD,MN,SD,450.1685495,1,0.011,1
MN_TN,MN,TN,1210.341002,1,0.011,1
MN_TX,MN,TX,1625.4758,1,0.011,1
MN_UT,MN,UT,1586.620753,1,0.011,1
MN_VA,MN,VA,1546.769345,1,0.011,1
MN_VT,MN,VT,1644.162827,1,0.011,1
MN_WA,MN,WA,2159.179901,1,0.011,1
MN_WI,MN,WI,397.1030407,1,0.011,1
MN_WV,MN,WV,1277.520111,1,0.011,1
MN_WY,MN,WY,1111.84279,1,0.011,1
MO_MS,MO,MS,691.3304872,1,0.011,1
MO_MT,MO,MT,1814.521291,1,0.011,1
MO_NC,MO,NC,1159.478017,1,0.011,1
MO_ND,MO,ND,1149.552042,1,0.011,1
MO_NE,MO,NE,533.9039615,1,0.011,1
MO_NH,MO,NH,1820.016047,1,0.011,1
MO_NJ,MO,NJ,1541.674525,1,0.011,1
MO_NM,MO,NM,1333.322227,1,0.011,1
MO_NV,MO,NV,2114.559491,1,0.011,1
MO_NY,MO,NY,1534.270217,1,0.011,1
MO_OH,MO,OH,841.8659198,1,0.011,1
MO_OK,MO,OK,518.0114429,1,0.011,1
MO_OR,MO,OR,2608.70829,1,0.011,1
MO_PA,MO,PA,1323.435935,1,0.011,1
MO_RI,MO,RI,1801.024567,1,0.011,1
MO_SC,MO,SC,1116.402413,1,0.011,1
MO_SD,MO,SD,843.1988501,1,0.011,1
MO_TN,MO,TN,595.0617699,1,0.011,1
MO_TX,MO,TX,961.0151173,1,0.011,1
MO_UT,MO,UT,1706.74158,1,0.011,1
MO_VA,MO,VA,1261.023195,1,0.011,1
MO_VT,MO,VT,1735.506899,1,0.011,1
MO_WA,MO,WA,2577.151619,1,0.011,1
MO_WI,MO,WI,646.9583471,1,0.011,1
MO_WV,MO,WV,998.0921802,1,0.011,1
MO_WY,MO,WY,1338.632563,1,0.011,1
MS_MT,MS,MT,2427.211568,1,0.011,1
MS_NC,MS,NC,971.5321776,1,0.011,1
MS_ND,MS,ND,1837.585992,1,0.011,1
MS_NE,MS,NE,1176.896127,1,0.011,1
MS_NH,MS,NH,1972.009238,1,0.011,1
MS_NJ,MS,NJ,1608.631546,1,0.011,1
MS_NM,MS,NM,1570.312872,1,0.011,1
MS_NV,MS,NV,2476.443964,1,0.011,1
MS_NY,MS,NY,1653.118279,1,0.011,1
MS_OH,MS,OH,1066.140094,1,0.011,1
MS_OK,MS,OK,747.5828961,1,0.011,1
MS_OR,MS,OR,3142.858179,1,0.011,1
MS_PA,MS,PA,1422.389649,1,0.011,1
MS_RI,MS,RI,1898.236809,1,0.011,1
MS_SC,MS,SC,812.2675248,1,0.011,1
MS_SD,MS,SD,1512.685463,1,0.011,1
MS_TN,MS,TN,465.2146615,1,0.011,1
MS_TX,MS,TX,760.7994608,1,0.011,1
MS_UT,MS,UT,2172.448531,1,0.011,1
MS_VA,MS,VA,1216.692013,1,0.011,1
MS_VT,MS,VT,1937.919389,1,0.011,1
MS_WA,MS,WA,3155.357952,1,0.011,1
MS_WI,MS,WI,1240.03523,1,0.011,1
MS_WV,MS,WV,1056.107032,1,0.011,1
MS_WY,MS,WY,1899.058437,1,0.011,1
MT_NC,MT,NC,2906.897094,1,0.011,1
MT_ND,MT,ND,910.4157402,1,0.011,1
MT_NE,MT,NE,1280.635303,1,0.011,1
MT_NH,MT,NH,3130.087864,1,0.011,1
MT_NJ,MT,NJ,3025.965936,1,0.011,1
MT_NM,MT,NM,1415.349144,1,0.011,1
MT_NV,MT,NV,1158.02959,1,0.011,1
MT_NY,MT,NY,2959.880505,1,0.011,1
MT_OH,MT,OH,2390.939094,1,0.011,1
MT_OK,MT,OK,1732.969678,1,0.011,1
MT_OR,MT,OR,903.4185414,1,0.011,1
MT_PA,MT,PA,2827.856862,1,0.011,1
MT_RI,MT,RI,3191.089908,1,0.011,1
MT_SC,MT,SC,2908.760016,1,0.011,1
MT_SD,MT,SD,1008.786328,1,0.011,1
MT_TN,MT,TN,2403.377322,1,0.011,1
MT_TX,MT,TX,2134.420471,1,0.011,1
MT_UT,MT,UT,712.540937,1,0.011,1
MT_VA,MT,VA,2907.591083,1,0.011,1
MT_VT,MT,VT,2991.279083,1,0.011,1
MT_WA,MT,WA,783.5425216,1,0.011,1
MT_WI,MT,WI,1772.825211,1,0.011,1
MT_WV,MT,WV,2631.884966,1,0.011,1
MT_WY,MT,WY,567.380325,1,0.011,1
NC_ND,NC,ND,2091.726414,1,0.011,1
NC_NE,NC,NE,1660.233029,1,0.011,1
NC_NH,NC,NH,1101.410321,1,0.011,1
NC_NJ,NC,NJ,711.4711531,1,0.011,1
NC_NM,NC,NM,2426.923585,1,0.011,1
NC_NV,NC,NV,3264.876096,1,0.011,1
NC_NY,NC,NY,794.0408802,1,0.011,1
NC_OH,NC,OH,610.886965,1,0.011,1
NC_OK,NC,OK,1553.208065,1,0.011,1
NC_OR,NC,OR,3746.309755,1,0.011,1
NC_PA,NC,PA,594.0598186,1,0.011,1
NC_RI,NC,RI,992.6695057,1,0.011,1
NC_SC,NC,SC,209.633002,1,0.011,1
NC_SD,NC,SD,1898.222644,1,0.011,1
NC_TN,NC,TN,605.9915774,1,0.011,1
NC_TX,NC,TX,1725.402325,1,0.011,1
NC_UT,NC,UT,2866.00215,1,0.011,1
NC_VA,NC,VA,301.4572228,1,0.011,1
NC_VT,NC,VT,1116.514338,1,0.011,1
NC_WA,NC,WA,3687.167939,1,0.011,1
NC_WI,NC,WI,1212.642641,1,0.011,1
NC_WV,NC,WV,374.4780028,1,0.011,1
NC_WY,NC,WY,2481.146376,1,0.011,1
ND_NE,ND,NE,705.498162,1,0.011,1
ND_NH,ND,NH,2219.856417,1,0.011,1
ND_NJ,ND,NJ,2128.751726,1,0.011,1
ND_NM,ND,NM,1532.540721,1,0.011,1
ND_NV,ND,NV,1798.646453,1,0.011,1
ND_NY,ND,NY,2057.15346,1,0.011,1
ND_OH,ND,OH,1529.160413,1,0.011,1
ND_OK,ND,OK,1324.105556,1,0.011,1
ND_OR,ND,OR,1813.507705,1,0.011,1
ND_PA,ND,PA,1937.950868,1,0.011,1
ND_RI,ND,RI,2283.258261,1,0.011,1
ND_SC,ND,SC,2131.585776,1,0.011,1
ND_SD,ND,SD,371.9690446,1,0.011,1
ND_TN,ND,TN,1673.585486,1,0.011,1
ND_TX,ND,TX,1837.915721,1,0.011,1
ND_UT,ND,UT,1270.410454,1,0.011,1
ND_VA,ND,VA,2048.021928,1,0.011,1
ND_VT,ND,VT,2080.870189,1,0.011,1
ND_WA,ND,WA,1676.411833,1,0.011,1
ND_WI,ND,WI,897.2960911,1,0.011,1
ND_WV,ND,WV,1779.560521,1,0.011,1
ND_WY,ND,WY,796.5481712,1,0.011,1
NE_NH,NE,NH,2136.119525,1,0.011,1
NE_NJ,NE,NJ,1924.835112,1,0.011,1
NE_NM,NE,NM,1076.457412,1,0.011,1
NE_NV,NE,NV,1692.814844,1,0.011,1
NE_NY,NE,NY,1890.48806,1,0.011,1
NE_OH,NE,OH,1227.351372,1,0.011,1
NE_OK,NE,OK,622.1236776,1,0.011,1
NE_OR,NE,OR,2087.370866,1,0.011,1
NE_PA,NE,PA,1708.569762,1,0.011,1
NE_RI,NE,RI,2150.689798,1,0.011,1
NE_SC,NE,SC,1639.483275,1,0.011,1
NE_SD,NE,SD,345.0671052,1,0.011,1
NE_TN,NE,TN,1125.407801,1,0.011,1
NE_TX,NE,TX,1143.09387,1,0.011,1
NE_UT,NE,UT,1232.529153,1,0.011,1
NE_VA,NE,VA,1713.297811,1,0.011,1
NE_VT,NE,VT,2024.962422,1,0.011,1
NE_WA,NE,WA,2045.264359,1,0.011,1
NE_WI,NE,WI,737.0969715,1,0.011,1
NE_WV,NE,WV,1437.065367,1,0.011,1
NE_WY,NE,WY,821.0614708,1,0.011,1
NH_NJ,NH,NJ,390.4539554,1,0.011,1
NH_NM,NH,NM,3142.998481,1,0.011,1
NH_NV,NH,NV,3825.276051,1,0.011,1
NH_NY,NH,NY,319.6041413,1,0.011,1
NH_OH,NH,OH,983.7065735,1,0.011,1
NH_OK,NH,OK,2328.301968,1,0.011,1
NH_OR,NH,OR,4032.421854,1,0.011,1
NH_PA,NH,PA,549.6701697,1,0.011,1
NH_RI,NH,RI,156.0084873,1,0.011,1
NH_SC,NH,SC,1311.035091,1,0.011,1
NH_SD,NH,SD,2212.76331,1,0.011,1
NH_TN,NH,TN,1514.926457,1,0.011,1
NH_TX,NH,TX,2659.326223,1,0.011,1
NH_UT,NH,UT,3339.968604,1,0.011,1
NH_VA,NH,VA,801.2836167,1,0.011,1
NH_VT,NH,VT,151.2623579,1,0.011,1
NH_WA,NH,WA,3890.231328,1,0.011,1
NH_WI,NH,WI,1418.632711,1,0.011,1
NH_WV,NH,WV,916.6984088,1,0.011,1
NH_WY,NH,WY,2877.183949,1,0.011,1
NJ_NM,NJ,NM,2874.993021,1,0.011,1
NJ_NV,NJ,NV,3614.823897,1,0.011,1
NJ_NY,NJ,NY,120.3023197,1,0.011,1
NJ_OH,NJ,OH,705.7460168,1,0.011,1
NJ_OK,NJ,OK,2030.990819,1,0.011,1
NJ_OR,NJ,OR,3917.587307,1,0.011,1
NJ_PA,NJ,PA,218.903137,1,0.011,1
NJ_RI,NJ,RI,290.0327517,1,0.011,1
NJ_SC,NJ,SC,921.0191923,1,0.011,1
NJ_SD,NJ,SD,2056.866476,1,0.011,1
NJ_TN,NJ,TN,1162.797506,1,0.011,1
NJ_TX,NJ,TX,2320.270755,1,0.011,1
NJ_UT,NJ,UT,3153.270232,1,0.011,1
NJ_VA,NJ,VA,412.7694259,1,0.011,1
NJ_VT,NJ,VT,428.9840119,1,0.011,1
NJ_WA,NJ,WA,3802.957146,1,0.011,1
NJ_WI,NJ,WI,1258.720495,1,0.011,1
NJ_WV,NJ,WV,569.9128994,1,0.011,1
NJ_WY,NJ,WY,2709.657975,1,0.011,1
NM_NV,NM,NV,929.235897,1,0.011,1
NM_NY,NM,NY,2865.516457,1,0.011,1
NM_OH,NM,OH,2173.626939,1,0.011,1
NM_OK,NM,OK,873.7357759,1,0.011,1
NM_OR,NM,OR,1782.51284,1,0.011,1
NM_PA,NM,PA,2656.731893,1,0.011,1
NM_RI,NM,RI,3132.112101,1,0.011,1
NM_SC,NM,SC,2324.706537,1,0.011,1
NM_SD,NM,SD,1220.103988,1,0.011,1
NM_TN,NM,TN,1820.988959,1,0.011,1
NM_TX,NM,TX,937.61417,1,0.011,1
NM_UT,NM,UT,808.1414855,1,0.011,1
NM_VA,NM,VA,2578.106098,1,0.011,1
NM_VT,NM,VT,3047.838873,1,0.011,1
NM_WA,NM,WA,1901.760921,1,0.011,1
NM_WI,NM,WI,1799.89714,1,0.011,1
NM_WV,NM,WV,2325.580659,1,0.011,1
NM_WY,NM,WY,899.6319156,1,0.011,1
NV_NY,NV,NY,3583.173567,1,0.011,1
NV_OH,NV,OH,2912.145934,1,0.011,1
NV_OK,NV,OK,1743.556236,1,0.011,1
NV_OR,NV,OR,1009.789824,1,0.011,1
NV_PA,NV,PA,3397.280077,1,0.011,1
NV_RI,NV,RI,3843.424127,1,0.011,1
NV_SC,NV,SC,3188.942909,1,0.011,1
NV_SD,NV,SD,1646.018856,1,0.011,1
NV_TN,NV,TN,2668.158869,1,0.011,1
NV_TX,NV,TX,1865.628259,1,0.011,1
NV_UT,NV,UT,528.4658811,1,0.011,1
NV_VA,NV,VA,3372.881571,1,0.011,1
NV_VT,NV,VT,3708.887569,1,0.011,1
NV_WA,NV,WA,1228.003665,1,0.011,1
NV_WI,NV,WI,2410.267482,1,0.011,1
NV_WV,NV,WV,3103.603314,1,0.011,1
NV_WY,NV,WY,1005.942752,1,0.011,1
NY_OH,NY,OH,692.407229,1,0.011,1
NY_OK,NY,OK,2034.133442,1,0.011,1
NY_OR,NY,OR,3855.623464,1,0.011,1
NY_PA,NY,PA,231.0076804,1,0.011,1
NY_RI,NY,RI,266.7543532,1,0.011,1
NY_SC,NY,SC,1003.083061,1,0.011,1
NY_SD,NY,SD,2003.867319,1,0.011,1
NY_TN,NY,TN,1197.850008,1,0.011,1
NY_TX,NY,TX,2347.410398,1,0.011,1
NY_UT,NY,UT,3112.702584,1,0.011,1
NY_VA,NY,VA,492.6297703,1,0.011,1
NY_VT,NY,VT,324.9270876,1,0.011,1
NY_WA,NY,WA,3733.364726,1,0.011,1
NY_WI,NY,WI,1203.003893,1,0.011,1
NY_WV,NY,WV,599.1630953,1,0.011,1
NY_WY,NY,WY,2661.986548,1,0.011,1
OH_OK,OH,OK,1345.050038,1,0.011,1
OH_OR,OH,OR,3264.378724,1,0.011,1
OH_PA,OH,PA,486.9329936,1,0.011,1
OH_RI,OH,RI,959.1611983,1,0.011,1
OH_SC,OH,SC,732.3935423,1,0.011,1
OH_SD,OH,SD,1393.516281,1,0.011,1
OH_TN,OH,TN,605.2735285,1,0.011,1
OH_TX,OH,TX,1691.516683,1,0.011,1
OH_UT,OH,UT,2459.549042,1,0.011,1
OH_VA,OH,VA,519.2700703,1,0.011,1
OH_VT,OH,VT,913.1541176,1,0.011,1
OH_WA,OH,WA,3174.283279,1,0.011,1
OH_WI,OH,WI,632.2582679,1,0.011,1
OH_WV,OH,WV,253.9901962,1,0.011,1
OH_WY,OH,WY,2028.652831,1,0.011,1
OK_OR,OK,OR,2401.522673,1,0.011,1
OK_PA,OK,PA,1815.594252,1,0.011,1
OK_RI,OK,RI,2300.165302,1,0.011,1
OK_SC,OK,SC,1454.671544,1,0.011,1
OK_SD,OK,SD,954.9437656,1,0.011,1
OK_TN,OK,TN,947.2549761,1,0.011,1
OK_TX,OK,TX,524.7733974,1,0.011,1
OK_UT,OK,UT,1425.17128,1,0.011,1
OK_VA,OK,VA,1712.555862,1,0.011,1
OK_VT,OK,VT,2249.151899,1,0.011,1
OK_WA,OK,WA,2429.283467,1,0.011,1
OK_WI,OK,WI,1123.614435,1,0.011,1
OK_WV,OK,WV,1469.526042,1,0.011,1
OK_WY,OK,WY,1181.001409,1,0.011,1
OR_PA,OR,PA,3715.114645,1,0.011,1
OR_RI,OR,RI,4090.734108,1,0.011,1
OR_SC,OR,SC,3724.140258,1,0.011,1
OR_SD,OR,SD,1870.864928,1,0.011,1
OR_TN,OR,TN,3203.445769,1,0.011,1
OR_TX,OR,TX,2681.365241,1,0.011,1
OR_UT,OR,UT,997.423261,1,0.011,1
OR_VA,OR,VA,3774.97579,1,0.011,1
OR_VT,OR,VT,3894.273931,1,0.011,1
OR_WA,OR,WA,297.4552629,1,0.011,1
OR_WI,OR,WI,2659.603606,1,0.011,1
OR_WV,OR,WV,3497.419069,1,0.011,1
OR_WY,OR,WY,1270.079095,1,0.011,1
PA_RI,PA,RI,488.3807724,1,0.011,1
PA_SC,PA,SC,798.7297288,1,0.011,1
PA_SD,PA,SD,1849.532416,1,0.011,1
PA_TN,PA,TN,966.9171805,1,0.011,1
PA_TX,PA,TX,2118.085444,1,0.011,1
PA_UT,PA,UT,2938.501552,1,0.011,1
PA_VA,PA,VA,302.6014644,1,0.011,1
PA_VT,PA,VT,532.4338724,1,0.011,1
PA_WA,PA,WA,3607.568364,1,0.011,1
PA_WI,PA,WI,1055.879101,1,0.011,1
PA_WV,PA,WV,368.2490126,1,0.011,1
PA_WY,PA,WY,2498.380371,1,0.011,1
RI_SC,RI,SC,1201.113028,1,0.011,1
RI_SD,RI,SD,2251.234385,1,0.011,1
RI_TN,RI,TN,1449.971018,1,0.011,1
RI_TX,RI,TX,2605.11028,1,0.011,1
RI_UT,RI,UT,3368.104362,1,0.011,1
RI_VA,RI,VA,698.7606146,1,0.011,1
RI_VT,RI,VT,283.5928518,1,0.011,1
RI_WA,RI,WA,3958.611604,1,0.011,1
RI_WI,RI,WI,1451.074807,1,0.011,1
RI_WV,RI,WV,853.4877016,1,0.011,1
RI_WY,RI,WY,2912.668382,1,0.011,1
SC_SD,SC,SD,1905.646299,1,0.011,1
SC_TN,SC,TN,525.9579284,1,0.011,1
SC_TX,SC,TX,1572.937089,1,0.011,1
SC_UT,SC,UT,2814.738603,1,0.011,1
SC_VA,SC,VA,510.7821762,1,0.011,1
SC_VT,SC,VT,1324.725775,1,0.011,1
SC_WA,SC,WA,3682.49717,1,0.011,1
SC_WI,SC,WI,1282.113874,1,0.011,1
SC_WV,SC,WV,531.7997561,1,0.011,1
SC_WY,SC,WY,2454.239441,1,0.011,1
SD_TN,SD,TN,1412.01346,1,0.011,1
SD_TX,SD,TX,1466.237427,1,0.011,1
SD_UT,SD,UT,1136.825112,1,0.011,1
SD_VA,SD,VA,1905.62453,1,0.011,1
SD_VT,SD,VT,2086.426961,1,0.011,1
SD_WA,SD,WA,1790.538151,1,0.011,1
SD_WI,SD,WI,800.9555965,1,0.011,1
SD_WV,SD,WV,1628.557045,1,0.011,1
SD_WY,SD,WY,665.0292317,1,0.011,1
TN_TX,TN,TX,1159.635707,1,0.011,1
TN_UT,TN,UT,2288.780678,1,0.011,1
TN_VA,TN,VA,793.0202394,1,0.011,1
TN_VT,TN,VT,1475.046913,1,0.011,1
TN_WA,TN,WA,3170.608362,1,0.011,1
TN_WI,TN,WI,910.1224832,1,0.011,1
TN_WV,TN,WV,598.6871056,1,0.011,1
TN_WY,TN,WY,1933.443779,1,0.011,1
TX_UT,TX,UT,1684.264075,1,0.011,1
TX_VA,TX,VA,1949.981351,1,0.011,1
TX_VT,TX,VT,2602.607976,1,0.011,1
TX_WA,TX,WA,2759.182508,1,0.011,1
TX_WI,TX,WI,1604.434019,1,0.011,1
TX_WV,TX,WV,1751.652662,1,0.011,1
TX_WY,TX,WY,1567.117456,1,0.011,1
UT_VA,UT,VA,2942.552412,1,0.011,1
UT_VT,UT,VT,3217.940602,1,0.011,1
UT_WA,UT,WA,1094.190974,1,0.011,1
UT_WI,UT,WI,1921.352022,1,0.011,1
UT_WV,UT,WV,2667.645442,1,0.011,1
UT_WY,UT,WY,481.3178789,1,0.011,1
VA_VT,VA,VT,815.708802,1,0.011,1
VA_WA,VA,WA,3691.124435,1,0.011,1
VA_WI,VA,WI,1150.768564,1,0.011,1
VA_WV,VA,WV,277.7496107,1,0.011,1
VA_WY,VA,WY,2527.605899,1,0.011,1
VT_WA,VT,WA,3748.049485,1,0.011,1
VT_WI,VT,WI,1298.798471,1,0.011,1
VT_WV,VT,WV,884.6485216,1,0.011,1
VT_WY,VT,WY,2751.435367,1,0.011,1
WA_WI,WA,WI,2554.069087,1,0.011,1
WA_WV,WA,WV,3415.411796,1,0.011,1
WA_WY,WA,WY,1256.505477,1,0.011,1
WI_WV,WI,WV,884.0906506,1,0.011,1
WI_WY,WI,WY,1461.676107,1,0.011,1
WV_WY,WV,WY,2250.163522,1,0.011,1
